{"distance": "8.228", "fei": "-27101", "rssi": "-51", "snr": "16", "calibration": "13215", "frequency": "2450000000", "sf": "7", "bw": "1600", "preamble-length": "8", "duration": "5001", "chip": "COM2"}
{"distance": "8.4059", "fei": "-27101", "rssi": "-52", "snr": "14", "calibration": "13215", "frequency": "2450000000", "sf": "7", "bw": "1600", "preamble-length": "8", "duration": "4999", "chip": "COM2"}
{"distance": "8.228", "fei": "-27101", "rssi": "-53", "snr": "16", "calibration": "13215", "frequency": "2450000000", "sf": "7", "bw": "1600", "preamble-length": "8", "duration": "5000", "chip": "COM2"}
{"distance": "7.7073", "fei": "-27303", "rssi": "-52", "snr": "14", "calibration": "13215", "frequency": "2450000000", "sf": "7", "bw": "1600", "preamble-length": "8", "duration": "5000", "chip": "COM2"}
{"distance": "7.1664", "fei": "-27101", "rssi": "-52", "snr": "15", "calibration": "13215", "frequency": "2450000000", "sf": "7", "bw": "1600", "preamble-length": "8", "duration": "5000", "chip": "COM2"}
{"distance": "8.6087", "fei": "-27303", "rssi": "-52", "snr": "15", "calibration": "13215", "frequency": "2450000000", "sf": "7", "bw": "1600", "preamble-length": "8", "duration": "5001", "chip": "COM2"}
{"distance": "11.4933", "fei": "-27101", "rssi": "-53", "snr": "15", "calibration": "13215", "frequency": "2450000000", "sf": "7", "bw": "1600", "preamble-length": "8", "duration": "5000", "chip": "COM2"}
{"distance": "8.7665", "fei": "-27101", "rssi": "-52", "snr": "15", "calibration": "13215", "frequency": "2450000000", "sf": "7", "bw": "1600", "preamble-length": "8", "duration": "4999", "chip": "COM2"}
{"distance": "7.6847", "fei": "-27303", "rssi": "-52", "snr": "16", "calibration": "13215", "frequency": "2450000000", "sf": "7", "bw": "1600", "preamble-length": "8", "duration": "5000", "chip": "COM2"}
{"distance": "7.7524", "fei": "-27101", "rssi": "-53", "snr": "15", "calibration": "13215", "frequency": "2450000000", "sf": "7", "bw": "1600", "preamble-length": "8", "duration": "5001", "chip": "COM2"}
{"distance": "9.594", "fei": "-27101", "rssi": "-52", "snr": "15", "calibration": "13215", "frequency": "2450000000", "sf": "7", "bw": "1600", "preamble-length": "8", "duration": "4999", "chip": "COM2"}
{"distance": "10.6595", "fei": "-27101", "rssi": "-52", "snr": "16", "calibration": "13215", "frequency": "2450000000", "sf": "7", "bw": "1600", "preamble-length": "8", "duration": "5001", "chip": "COM2"}
{"distance": "9.7806", "fei": "-27303", "rssi": "-52", "snr": "15", "calibration": "13215", "frequency": "2450000000", "sf": "7", "bw": "1600", "preamble-length": "8", "duration": "5000", "chip": "COM2"}
{"distance": "8.3", "fei": "-27101", "rssi": "-52", "snr": "15", "calibration": "13215", "frequency": "2450000000", "sf": "7", "bw": "1600", "preamble-length": "8", "duration": "4999", "chip": "COM2"}
{"distance": "9.1947", "fei": "-27101", "rssi": "-53", "snr": "16", "calibration": "13215", "frequency": "2450000000", "sf": "7", "bw": "1600", "preamble-length": "8", "duration": "5000", "chip": "COM2"}
{"distance": "9.369", "fei": "-27303", "rssi": "-52", "snr": "15", "calibration": "13215", "frequency": "2450000000", "sf": "7", "bw": "1600", "preamble-length": "8", "duration": "4999", "chip": "COM2"}
{"distance": "9.1947", "fei": "-27101", "rssi": "-52", "snr": "16", "calibration": "13215", "frequency": "2450000000", "sf": "7", "bw": "1600", "preamble-length": "8", "duration": "4999", "chip": "COM2"}
{"distance": "9.6454", "fei": "-27303", "rssi": "-52", "snr": "14", "calibration": "13215", "frequency": "2450000000", "sf": "7", "bw": "1600", "preamble-length": "8", "duration": "5000", "chip": "COM2"}
{"distance": "9.4876", "fei": "-27303", "rssi": "-52", "snr": "17", "calibration": "13215", "frequency": "2450000000", "sf": "7", "bw": "1600", "preamble-length": "8", "duration": "5001", "chip": "COM2"}
{"distance": "7.4819", "fei": "-27101", "rssi": "-52", "snr": "15", "calibration": "13215", "frequency": "2450000000", "sf": "7", "bw": "1600", "preamble-length": "8", "duration": "4999", "chip": "COM2"}
{"distance": "7.5045", "fei": "-27101", "rssi": "-52", "snr": "14", "calibration": "13215", "frequency": "2450000000", "sf": "7", "bw": "1600", "preamble-length": "8", "duration": "4998", "chip": "COM2"}
{"distance": "10.1862", "fei": "-27101", "rssi": "-52", "snr": "14", "calibration": "13215", "frequency": "2450000000", "sf": "7", "bw": "1600", "preamble-length": "8", "duration": "5000", "chip": "COM2"}
{"distance": "9.1721", "fei": "-27303", "rssi": "-52", "snr": "15", "calibration": "13215", "frequency": "2450000000", "sf": "7", "bw": "1600", "preamble-length": "8", "duration": "4999", "chip": "COM2"}
{"distance": "9.5778", "fei": "-27101", "rssi": "-52", "snr": "14", "calibration": "13215", "frequency": "2450000000", "sf": "7", "bw": "1600", "preamble-length": "8", "duration": "5000", "chip": "COM2"}
{"distance": "8.9242", "fei": "-27101", "rssi": "-52", "snr": "14", "calibration": "13215", "frequency": "2450000000", "sf": "7", "bw": "1600", "preamble-length": "8", "duration": "5000", "chip": "COM2"}
{"distance": "9.8257", "fei": "-27101", "rssi": "-53", "snr": "17", "calibration": "13215", "frequency": "2450000000", "sf": "7", "bw": "1600", "preamble-length": "8", "duration": "4999", "chip": "COM2"}
{"distance": "8.679", "fei": "-27101", "rssi": "-52", "snr": "15", "calibration": "13215", "frequency": "2450000000", "sf": "7", "bw": "1600", "preamble-length": "8", "duration": "4999", "chip": "COM2"}
{"distance": "7.8650", "fei": "-27101", "rssi": "-52", "snr": "16", "calibration": "13215", "frequency": "2450000000", "sf": "7", "bw": "1600", "preamble-length": "8", "duration": "4999", "chip": "COM2"}
{"distance": "9.4651", "fei": "-27303", "rssi": "-53", "snr": "15", "calibration": "13215", "frequency": "2450000000", "sf": "7", "bw": "1600", "preamble-length": "8", "duration": "5000", "chip": "COM2"}
{"distance": "8.3", "fei": "-27303", "rssi": "-52", "snr": "16", "calibration": "13215", "frequency": "2450000000", "sf": "7", "bw": "1600", "preamble-length": "8", "duration": "5000", "chip": "COM2"}
{"distance": "10.8173", "fei": "-27101", "rssi": "-52", "snr": "17", "calibration": "13215", "frequency": "2450000000", "sf": "7", "bw": "1600", "preamble-length": "8", "duration": "4999", "chip": "COM2"}
{"distance": "10.2088", "fei": "-27101", "rssi": "-52", "snr": "15", "calibration": "13215", "frequency": "2450000000", "sf": "7", "bw": "1600", "preamble-length": "8", "duration": "5000", "chip": "COM2"}
{"distance": "8.2481", "fei": "-27303", "rssi": "-52", "snr": "15", "calibration": "13215", "frequency": "2450000000", "sf": "7", "bw": "1600", "preamble-length": "8", "duration": "4999", "chip": "COM2"}
{"distance": "7.1213", "fei": "-27101", "rssi": "-52", "snr": "16", "calibration": "13215", "frequency": "2450000000", "sf": "7", "bw": "1600", "preamble-length": "8", "duration": "4999", "chip": "COM2"}
{"distance": "8.2256", "fei": "-27101", "rssi": "-52", "snr": "15", "calibration": "13215", "frequency": "2450000000", "sf": "7", "bw": "1600", "preamble-length": "8", "duration": "5000", "chip": "COM2"}
{"distance": "7.988", "fei": "-27101", "rssi": "-52", "snr": "15", "calibration": "13215", "frequency": "2450000000", "sf": "7", "bw": "1600", "preamble-length": "8", "duration": "5000", "chip": "COM2"}
{"distance": "7.1664", "fei": "-27101", "rssi": "-52", "snr": "15", "calibration": "13215", "frequency": "2450000000", "sf": "7", "bw": "1600", "preamble-length": "8", "duration": "5000", "chip": "COM2"}
{"distance": "7.9777", "fei": "-27101", "rssi": "-50", "snr": "16", "calibration": "13215", "frequency": "2450000000", "sf": "7", "bw": "1600", "preamble-length": "8", "duration": "5000", "chip": "COM2"}
{"distance": "9.7130", "fei": "-27303", "rssi": "-51", "snr": "15", "calibration": "13215", "frequency": "2450000000", "sf": "7", "bw": "1600", "preamble-length": "8", "duration": "5000", "chip": "COM2"}
{"distance": "10.60", "fei": "-27101", "rssi": "-52", "snr": "15", "calibration": "13215", "frequency": "2450000000", "sf": "7", "bw": "1600", "preamble-length": "8", "duration": "5000", "chip": "COM2"}
{"distance": "6.9636", "fei": "-27101", "rssi": "-52", "snr": "14", "calibration": "13215", "frequency": "2450000000", "sf": "7", "bw": "1600", "preamble-length": "8", "duration": "5000", "chip": "COM2"}
{"distance": "9.820", "fei": "-27101", "rssi": "-52", "snr": "16", "calibration": "13215", "frequency": "2450000000", "sf": "7", "bw": "1600", "preamble-length": "8", "duration": "5000", "chip": "COM2"}
{"distance": "8.6989", "fei": "-27101", "rssi": "-51", "snr": "15", "calibration": "13215", "frequency": "2450000000", "sf": "7", "bw": "1600", "preamble-length": "8", "duration": "4999", "chip": "COM2"}
{"distance": "9.1271", "fei": "-27303", "rssi": "-52", "snr": "14", "calibration": "13215", "frequency": "2450000000", "sf": "7", "bw": "1600", "preamble-length": "8", "duration": "4999", "chip": "COM2"}
{"distance": "7.9552", "fei": "-27101", "rssi": "-52", "snr": "16", "calibration": "13215", "frequency": "2450000000", "sf": "7", "bw": "1600", "preamble-length": "8", "duration": "4999", "chip": "COM2"}
{"distance": "8.5862", "fei": "-27101", "rssi": "-52", "snr": "16", "calibration": "13215", "frequency": "2450000000", "sf": "7", "bw": "1600", "preamble-length": "8", "duration": "5000", "chip": "COM2"}
{"distance": "7.8876", "fei": "-27101", "rssi": "-52", "snr": "15", "calibration": "13215", "frequency": "2450000000", "sf": "7", "bw": "1600", "preamble-length": "8", "duration": "4999", "chip": "COM2"}
{"distance": "9.369", "fei": "-27303", "rssi": "-52", "snr": "14", "calibration": "13215", "frequency": "2450000000", "sf": "7", "bw": "1600", "preamble-length": "8", "duration": "4999", "chip": "COM2"}
{"distance": "8.2481", "fei": "-27101", "rssi": "-53", "snr": "16", "calibration": "13215", "frequency": "2450000000", "sf": "7", "bw": "1600", "preamble-length": "8", "duration": "4999", "chip": "COM2"}
{"distance": "9.5102", "fei": "-27101", "rssi": "-52", "snr": "15", "calibration": "13215", "frequency": "2450000000", "sf": "7", "bw": "1600", "preamble-length": "8", "duration": "4999", "chip": "COM2"}
{"distance": "8.1805", "fei": "-27303", "rssi": "-52", "snr": "16", "calibration": "13215", "frequency": "2450000000", "sf": "7", "bw": "1600", "preamble-length": "8", "duration": "4999", "chip": "COM2"}
{"distance": "7.6171", "fei": "-27101", "rssi": "-52", "snr": "16", "calibration": "13215", "frequency": "2450000000", "sf": "7", "bw": "1600", "preamble-length": "8", "duration": "4999", "chip": "COM2"}
{"distance": "7.8650", "fei": "-27101", "rssi": "-50", "snr": "15", "calibration": "13215", "frequency": "2450000000", "sf": "7", "bw": "1600", "preamble-length": "8", "duration": "4999", "chip": "COM2"}
{"distance": "9.3750", "fei": "-27101", "rssi": "-51", "snr": "14", "calibration": "13215", "frequency": "2450000000", "sf": "7", "bw": "1600", "preamble-length": "8", "duration": "4999", "chip": "COM2"}
{"distance": "7.6847", "fei": "-27101", "rssi": "-51", "snr": "16", "calibration": "13215", "frequency": "2450000000", "sf": "7", "bw": "1600", "preamble-length": "8", "duration": "4999", "chip": "COM2"}
{"distance": "8.2031", "fei": "-27101", "rssi": "-51", "snr": "15", "calibration": "13215", "frequency": "2450000000", "sf": "7", "bw": "1600", "preamble-length": "8", "duration": "5000", "chip": "COM2"}
{"distance": "8.8566", "fei": "-27101", "rssi": "-51", "snr": "15", "calibration": "13215", "frequency": "2450000000", "sf": "7", "bw": "1600", "preamble-length": "8", "duration": "4999", "chip": "COM2"}
{"distance": "8.6989", "fei": "-27303", "rssi": "-51", "snr": "16", "calibration": "13215", "frequency": "2450000000", "sf": "7", "bw": "1600", "preamble-length": "8", "duration": "4999", "chip": "COM2"}
{"distance": "7.5045", "fei": "-27303", "rssi": "-51", "snr": "15", "calibration": "13215", "frequency": "2450000000", "sf": "7", "bw": "1600", "preamble-length": "8", "duration": "4999", "chip": "COM2"}
{"distance": "9.8257", "fei": "-27101", "rssi": "-51", "snr": "16", "calibration": "13215", "frequency": "2450000000", "sf": "7", "bw": "1600", "preamble-length": "8", "duration": "4999", "chip": "COM2"}
{"distance": "7.6847", "fei": "-27101", "rssi": "-51", "snr": "16", "calibration": "13215", "frequency": "2450000000", "sf": "7", "bw": "1600", "preamble-length": "8", "duration": "4999", "chip": "COM2"}
{"distance": "7.2791", "fei": "-27303", "rssi": "-51", "snr": "15", "calibration": "13215", "frequency": "2450000000", "sf": "7", "bw": "1600", "preamble-length": "8", "duration": "5000", "chip": "COM2"}
{"distance": "7.4594", "fei": "-27303", "rssi": "-51", "snr": "15", "calibration": "13215", "frequency": "2450000000", "sf": "7", "bw": "1600", "preamble-length": "8", "duration": "5000", "chip": "COM2"}
{"distance": "6.9861", "fei": "-27101", "rssi": "-51", "snr": "15", "calibration": "13215", "frequency": "2450000000", "sf": "7", "bw": "1600", "preamble-length": "8", "duration": "5000", "chip": "COM2"}
{"distance": "8.2707", "fei": "-27303", "rssi": "-51", "snr": "15", "calibration": "13215", "frequency": "2450000000", "sf": "7", "bw": "1600", "preamble-length": "8", "duration": "5000", "chip": "COM2"}
{"distance": "7.7524", "fei": "-27303", "rssi": "-51", "snr": "15", "calibration": "13215", "frequency": "2450000000", "sf": "7", "bw": "1600", "preamble-length": "8", "duration": "5000", "chip": "COM2"}
{"distance": "9.6905", "fei": "-27303", "rssi": "-51", "snr": "15", "calibration": "13215", "frequency": "2450000000", "sf": "7", "bw": "1600", "preamble-length": "8", "duration": "4999", "chip": "COM2"}
{"distance": "10.1637", "fei": "-27303", "rssi": "-51", "snr": "15", "calibration": "13215", "frequency": "2450000000", "sf": "7", "bw": "1600", "preamble-length": "8", "duration": "4999", "chip": "COM2"}
{"distance": "7.5721", "fei": "-27101", "rssi": "-51", "snr": "15", "calibration": "13215", "frequency": "2450000000", "sf": "7", "bw": "1600", "preamble-length": "8", "duration": "4999", "chip": "COM2"}
{"distance": "6.8960", "fei": "-27303", "rssi": "-51", "snr": "15", "calibration": "13215", "frequency": "2450000000", "sf": "7", "bw": "1600", "preamble-length": "8", "duration": "5000", "chip": "COM2"}
{"distance": "7.8876", "fei": "-27303", "rssi": "-51", "snr": "15", "calibration": "13215", "frequency": "2450000000", "sf": "7", "bw": "1600", "preamble-length": "8", "duration": "4999", "chip": "COM2"}
{"distance": "8.9468", "fei": "-27101", "rssi": "-59", "snr": "13", "calibration": "13215", "frequency": "2450000000", "sf": "7", "bw": "1600", "preamble-length": "8", "duration": "4999", "chip": "COM2"}
{"distance": "9.7581", "fei": "-27101", "rssi": "-51", "snr": "15", "calibration": "13215", "frequency": "2450000000", "sf": "7", "bw": "1600", "preamble-length": "8", "duration": "5000", "chip": "COM2"}
{"distance": "10.60", "fei": "-27303", "rssi": "-51", "snr": "15", "calibration": "13215", "frequency": "2450000000", "sf": "7", "bw": "1600", "preamble-length": "8", "duration": "4999", "chip": "COM2"}
{"distance": "9.7355", "fei": "-27101", "rssi": "-52", "snr": "15", "calibration": "13215", "frequency": "2450000000", "sf": "7", "bw": "1600", "preamble-length": "8", "duration": "4999", "chip": "COM2"}
{"distance": "7.5721", "fei": "-27303", "rssi": "-51", "snr": "15", "calibration": "13215", "frequency": "2450000000", "sf": "7", "bw": "1600", "preamble-length": "8", "duration": "4999", "chip": "COM2"}
{"distance": "7.6622", "fei": "-27303", "rssi": "-51", "snr": "16", "calibration": "13215", "frequency": "2450000000", "sf": "7", "bw": "1600", "preamble-length": "8", "duration": "4999", "chip": "COM2"}
{"distance": "7.5495", "fei": "-27303", "rssi": "-51", "snr": "15", "calibration": "13215", "frequency": "2450000000", "sf": "7", "bw": "1600", "preamble-length": "8", "duration": "4999", "chip": "COM2"}
{"distance": "7.5045", "fei": "-27303", "rssi": "-51", "snr": "15", "calibration": "13215", "frequency": "2450000000", "sf": "7", "bw": "1600", "preamble-length": "8", "duration": "4999", "chip": "COM2"}
{"distance": "9.144", "fei": "-27101", "rssi": "-51", "snr": "14", "calibration": "13215", "frequency": "2450000000", "sf": "7", "bw": "1600", "preamble-length": "8", "duration": "5000", "chip": "COM2"}
{"distance": "10.1186", "fei": "-27101", "rssi": "-51", "snr": "14", "calibration": "13215", "frequency": "2450000000", "sf": "7", "bw": "1600", "preamble-length": "8", "duration": "5000", "chip": "COM2"}
{"distance": "7.5270", "fei": "-27303", "rssi": "-52", "snr": "16", "calibration": "13215", "frequency": "2450000000", "sf": "7", "bw": "1600", "preamble-length": "8", "duration": "4999", "chip": "COM2"}
{"distance": "8.6313", "fei": "-27101", "rssi": "-51", "snr": "15", "calibration": "13215", "frequency": "2450000000", "sf": "7", "bw": "1600", "preamble-length": "8", "duration": "4999", "chip": "COM2"}
{"distance": "7.8425", "fei": "-27101", "rssi": "-51", "snr": "15", "calibration": "13215", "frequency": "2450000000", "sf": "7", "bw": "1600", "preamble-length": "8", "duration": "4999", "chip": "COM2"}
{"distance": "7.6847", "fei": "-27101", "rssi": "-51", "snr": "14", "calibration": "13215", "frequency": "2450000000", "sf": "7", "bw": "1600", "preamble-length": "8", "duration": "4999", "chip": "COM2"}
{"distance": "10.9074", "fei": "-27101", "rssi": "-51", "snr": "15", "calibration": "13215", "frequency": "2450000000", "sf": "7", "bw": "1600", "preamble-length": "8", "duration": "5000", "chip": "COM2"}
{"distance": "7.5495", "fei": "-27101", "rssi": "-51", "snr": "15", "calibration": "13215", "frequency": "2450000000", "sf": "7", "bw": "1600", "preamble-length": "8", "duration": "5000", "chip": "COM2"}
{"distance": "8.8115", "fei": "-27101", "rssi": "-52", "snr": "17", "calibration": "13215", "frequency": "2450000000", "sf": "7", "bw": "1600", "preamble-length": "8", "duration": "4999", "chip": "COM2"}
{"distance": "10.736", "fei": "-27303", "rssi": "-52", "snr": "14", "calibration": "13215", "frequency": "2450000000", "sf": "7", "bw": "1600", "preamble-length": "8", "duration": "4999", "chip": "COM2"}
{"distance": "9.5327", "fei": "-27101", "rssi": "-52", "snr": "15", "calibration": "13215", "frequency": "2450000000", "sf": "7", "bw": "1600", "preamble-length": "8", "duration": "5000", "chip": "COM2"}
{"distance": "9.8707", "fei": "-27101", "rssi": "-53", "snr": "16", "calibration": "13215", "frequency": "2450000000", "sf": "7", "bw": "1600", "preamble-length": "8", "duration": "4999", "chip": "COM2"}
{"distance": "11.201", "fei": "-27303", "rssi": "-54", "snr": "14", "calibration": "13215", "frequency": "2450000000", "sf": "7", "bw": "1600", "preamble-length": "8", "duration": "4999", "chip": "COM2"}
{"distance": "8.3383", "fei": "-27101", "rssi": "-54", "snr": "15", "calibration": "13215", "frequency": "2450000000", "sf": "7", "bw": "1600", "preamble-length": "8", "duration": "4999", "chip": "COM2"}
{"distance": "11.877", "fei": "-27303", "rssi": "-54", "snr": "15", "calibration": "13215", "frequency": "2450000000", "sf": "7", "bw": "1600", "preamble-length": "8", "duration": "4999", "chip": "COM2"}
{"distance": "9.9384", "fei": "-27101", "rssi": "-55", "snr": "16", "calibration": "13215", "frequency": "2450000000", "sf": "7", "bw": "1600", "preamble-length": "8", "duration": "5000", "chip": "COM2"}
{"distance": "8.1355", "fei": "-27303", "rssi": "-55", "snr": "16", "calibration": "13215", "frequency": "2450000000", "sf": "7", "bw": "1600", "preamble-length": "8", "duration": "5000", "chip": "COM2"}
{"distance": "3.8085", "fei": "-27101", "rssi": "-56", "snr": "16", "calibration": "13215", "frequency": "2450000000", "sf": "7", "bw": "1600", "preamble-length": "8", "duration": "5000", "chip": "COM2"}
{"distance": "10.2088", "fei": "-27101", "rssi": "-56", "snr": "16", "calibration": "13215", "frequency": "2450000000", "sf": "7", "bw": "1600", "preamble-length": "8", "duration": "4999", "chip": "COM2"}
{"distance": "10.9074", "fei": "-27303", "rssi": "-56", "snr": "15", "calibration": "13215", "frequency": "2450000000", "sf": "7", "bw": "1600", "preamble-length": "8", "duration": "5000", "chip": "COM2"}
{"distance": "9.5102", "fei": "-27303", "rssi": "-56", "snr": "15", "calibration": "13215", "frequency": "2450000000", "sf": "7", "bw": "1600", "preamble-length": "8", "duration": "4999", "chip": "COM2"}
{"distance": "11.5384", "fei": "-26698", "rssi": "-66", "snr": "16", "calibration": "13215", "frequency": "2402000000", "sf": "7", "bw": "1600", "preamble-length": "8", "duration": "5000", "chip": "COM2"}
{"distance": "12.7328", "fei": "-26698", "rssi": "-66", "snr": "15", "calibration": "13215", "frequency": "2402000000", "sf": "7", "bw": "1600", "preamble-length": "8", "duration": "4998", "chip": "COM2"}
{"distance": "14.399", "fei": "-26698", "rssi": "-66", "snr": "15", "calibration": "13215", "frequency": "2402000000", "sf": "7", "bw": "1600", "preamble-length": "8", "duration": "4999", "chip": "COM2"}
{"distance": "13.5667", "fei": "-26698", "rssi": "-66", "snr": "16", "calibration": "13215", "frequency": "2402000000", "sf": "7", "bw": "1600", "preamble-length": "8", "duration": "4998", "chip": "COM2"}
{"distance": "14.2427", "fei": "-26698", "rssi": "-66", "snr": "14", "calibration": "13215", "frequency": "2402000000", "sf": "7", "bw": "1600", "preamble-length": "8", "duration": "4999", "chip": "COM2"}
{"distance": "13.33", "fei": "-26698", "rssi": "-66", "snr": "16", "calibration": "13215", "frequency": "2402000000", "sf": "7", "bw": "1600", "preamble-length": "8", "duration": "5000", "chip": "COM2"}
{"distance": "13.6117", "fei": "-26698", "rssi": "-66", "snr": "15", "calibration": "13215", "frequency": "2402000000", "sf": "7", "bw": "1600", "preamble-length": "8", "duration": "4999", "chip": "COM2"}
{"distance": "14.3780", "fei": "-26698", "rssi": "-66", "snr": "16", "calibration": "13215", "frequency": "2402000000", "sf": "7", "bw": "1600", "preamble-length": "8", "duration": "4999", "chip": "COM2"}
{"distance": "12.3948", "fei": "-26698", "rssi": "-65", "snr": "14", "calibration": "13215", "frequency": "2402000000", "sf": "7", "bw": "1600", "preamble-length": "8", "duration": "4999", "chip": "COM2"}
{"distance": "12.4624", "fei": "-26698", "rssi": "-66", "snr": "16", "calibration": "13215", "frequency": "2402000000", "sf": "7", "bw": "1600", "preamble-length": "8", "duration": "5000", "chip": "COM2"}
{"distance": "12.6427", "fei": "-26698", "rssi": "-66", "snr": "16", "calibration": "13215", "frequency": "2402000000", "sf": "7", "bw": "1600", "preamble-length": "8", "duration": "4999", "chip": "COM2"}
{"distance": "12.9582", "fei": "-26698", "rssi": "-67", "snr": "16", "calibration": "13215", "frequency": "2402000000", "sf": "7", "bw": "1600", "preamble-length": "8", "duration": "4998", "chip": "COM2"}
{"distance": "12.3272", "fei": "-26698", "rssi": "-67", "snr": "16", "calibration": "13215", "frequency": "2402000000", "sf": "7", "bw": "1600", "preamble-length": "8", "duration": "4999", "chip": "COM2"}
{"distance": "13.4089", "fei": "-26698", "rssi": "-66", "snr": "16", "calibration": "13215", "frequency": "2402000000", "sf": "7", "bw": "1600", "preamble-length": "8", "duration": "4998", "chip": "COM2"}
{"distance": "12.2821", "fei": "-26698", "rssi": "-66", "snr": "16", "calibration": "13215", "frequency": "2402000000", "sf": "7", "bw": "1600", "preamble-length": "8", "duration": "4999", "chip": "COM2"}
{"distance": "12.5751", "fei": "-26698", "rssi": "-66", "snr": "15", "calibration": "13215", "frequency": "2402000000", "sf": "7", "bw": "1600", "preamble-length": "8", "duration": "4999", "chip": "COM2"}
{"distance": "12.342", "fei": "-26698", "rssi": "-67", "snr": "16", "calibration": "13215", "frequency": "2402000000", "sf": "7", "bw": "1600", "preamble-length": "8", "duration": "4999", "chip": "COM2"}
{"distance": "13.6117", "fei": "-26698", "rssi": "-67", "snr": "15", "calibration": "13215", "frequency": "2402000000", "sf": "7", "bw": "1600", "preamble-length": "8", "duration": "4999", "chip": "COM2"}
{"distance": "13.33", "fei": "-26698", "rssi": "-67", "snr": "15", "calibration": "13215", "frequency": "2402000000", "sf": "7", "bw": "1600", "preamble-length": "8", "duration": "4998", "chip": "COM2"}
{"distance": "14.2878", "fei": "-26698", "rssi": "-69", "snr": "11", "calibration": "13215", "frequency": "2402000000", "sf": "7", "bw": "1600", "preamble-length": "8", "duration": "5000", "chip": "COM2"}
{"distance": "15.766", "fei": "-26698", "rssi": "-67", "snr": "15", "calibration": "13215", "frequency": "2402000000", "sf": "7", "bw": "1600", "preamble-length": "8", "duration": "4998", "chip": "COM2"}
{"distance": "12.8004", "fei": "-26698", "rssi": "-66", "snr": "16", "calibration": "13215", "frequency": "2402000000", "sf": "7", "bw": "1600", "preamble-length": "8", "duration": "4998", "chip": "COM2"}
{"distance": "13.483", "fei": "-26698", "rssi": "-66", "snr": "16", "calibration": "13215", "frequency": "2402000000", "sf": "7", "bw": "1600", "preamble-length": "8", "duration": "4998", "chip": "COM2"}
{"distance": "13.5441", "fei": "-26698", "rssi": "-67", "snr": "15", "calibration": "13215", "frequency": "2402000000", "sf": "7", "bw": "1600", "preamble-length": "8", "duration": "4998", "chip": "COM2"}
{"distance": "13.4990", "fei": "-26698", "rssi": "-67", "snr": "15", "calibration": "13215", "frequency": "2402000000", "sf": "7", "bw": "1600", "preamble-length": "8", "duration": "4998", "chip": "COM2"}
{"distance": "14.850", "fei": "-26698", "rssi": "-67", "snr": "16", "calibration": "13215", "frequency": "2402000000", "sf": "7", "bw": "1600", "preamble-length": "8", "duration": "4998", "chip": "COM2"}
{"distance": "13.3413", "fei": "-26698", "rssi": "-67", "snr": "15", "calibration": "13215", "frequency": "2402000000", "sf": "7", "bw": "1600", "preamble-length": "8", "duration": "4998", "chip": "COM2"}
{"distance": "13.9272", "fei": "-26698", "rssi": "-65", "snr": "15", "calibration": "13215", "frequency": "2402000000", "sf": "7", "bw": "1600", "preamble-length": "8", "duration": "4999", "chip": "COM2"}
{"distance": "14.4456", "fei": "-26698", "rssi": "-67", "snr": "14", "calibration": "13215", "frequency": "2402000000", "sf": "7", "bw": "1600", "preamble-length": "8", "duration": "4999", "chip": "COM2"}
{"distance": "14.4005", "fei": "-26698", "rssi": "-67", "snr": "15", "calibration": "13215", "frequency": "2402000000", "sf": "7", "bw": "1600", "preamble-length": "8", "duration": "4999", "chip": "COM2"}
{"distance": "13.9723", "fei": "-26698", "rssi": "-65", "snr": "15", "calibration": "13215", "frequency": "2402000000", "sf": "7", "bw": "1600", "preamble-length": "8", "duration": "4999", "chip": "COM2"}
{"distance": "12.4624", "fei": "-26698", "rssi": "-66", "snr": "16", "calibration": "13215", "frequency": "2402000000", "sf": "7", "bw": "1600", "preamble-length": "8", "duration": "4998", "chip": "COM2"}
{"distance": "15.315", "fei": "-26698", "rssi": "-67", "snr": "16", "calibration": "13215", "frequency": "2402000000", "sf": "7", "bw": "1600", "preamble-length": "8", "duration": "4999", "chip": "COM2"}
{"distance": "13.7469", "fei": "-26698", "rssi": "-67", "snr": "16", "calibration": "13215", "frequency": "2402000000", "sf": "7", "bw": "1600", "preamble-length": "8", "duration": "4999", "chip": "COM2"}
{"distance": "13.7920", "fei": "-26698", "rssi": "-67", "snr": "15", "calibration": "13215", "frequency": "2402000000", "sf": "7", "bw": "1600", "preamble-length": "8", "duration": "4998", "chip": "COM2"}
{"distance": "11.1102", "fei": "-26698", "rssi": "-67", "snr": "14", "calibration": "13215", "frequency": "2402000000", "sf": "7", "bw": "1600", "preamble-length": "8", "duration": "4999", "chip": "COM2"}
{"distance": "13.3188", "fei": "-26698", "rssi": "-67", "snr": "15", "calibration": "13215", "frequency": "2402000000", "sf": "7", "bw": "1600", "preamble-length": "8", "duration": "4999", "chip": "COM2"}
{"distance": "14.399", "fei": "-26698", "rssi": "-67", "snr": "15", "calibration": "13215", "frequency": "2402000000", "sf": "7", "bw": "1600", "preamble-length": "8", "duration": "4999", "chip": "COM2"}
{"distance": "13.9498", "fei": "-26698", "rssi": "-67", "snr": "15", "calibration": "13215", "frequency": "2402000000", "sf": "7", "bw": "1600", "preamble-length": "8", "duration": "4999", "chip": "COM2"}
{"distance": "13.2061", "fei": "-26698", "rssi": "-67", "snr": "14", "calibration": "13215", "frequency": "2402000000", "sf": "7", "bw": "1600", "preamble-length": "8", "duration": "4999", "chip": "COM2"}
{"distance": "12.8455", "fei": "-26698", "rssi": "-65", "snr": "15", "calibration": "13215", "frequency": "2402000000", "sf": "7", "bw": "1600", "preamble-length": "8", "duration": "4998", "chip": "COM2"}
{"distance": "13.8371", "fei": "-26698", "rssi": "-67", "snr": "14", "calibration": "13215", "frequency": "2402000000", "sf": "7", "bw": "1600", "preamble-length": "8", "duration": "4999", "chip": "COM2"}
{"distance": "12.8230", "fei": "-26698", "rssi": "-67", "snr": "14", "calibration": "13215", "frequency": "2402000000", "sf": "7", "bw": "1600", "preamble-length": "8", "duration": "4998", "chip": "COM2"}
{"distance": "12.9807", "fei": "-26698", "rssi": "-67", "snr": "15", "calibration": "13215", "frequency": "2402000000", "sf": "7", "bw": "1600", "preamble-length": "8", "duration": "5000", "chip": "COM2"}
{"distance": "13.9272", "fei": "-26698", "rssi": "-68", "snr": "14", "calibration": "13215", "frequency": "2402000000", "sf": "7", "bw": "1600", "preamble-length": "8", "duration": "4999", "chip": "COM2"}
{"distance": "15.991", "fei": "-26698", "rssi": "-67", "snr": "15", "calibration": "13215", "frequency": "2402000000", "sf": "7", "bw": "1600", "preamble-length": "8", "duration": "4999", "chip": "COM2"}
{"distance": "14.3554", "fei": "-26698", "rssi": "-67", "snr": "17", "calibration": "13215", "frequency": "2402000000", "sf": "7", "bw": "1600", "preamble-length": "8", "duration": "4998", "chip": "COM2"}
{"distance": "13.6568", "fei": "-26698", "rssi": "-65", "snr": "14", "calibration": "13215", "frequency": "2402000000", "sf": "7", "bw": "1600", "preamble-length": "8", "duration": "4999", "chip": "COM2"}
{"distance": "13.4990", "fei": "-26698", "rssi": "-68", "snr": "15", "calibration": "13215", "frequency": "2402000000", "sf": "7", "bw": "1600", "preamble-length": "8", "duration": "4998", "chip": "COM2"}
{"distance": "13.709", "fei": "-26698", "rssi": "-68", "snr": "13", "calibration": "13215", "frequency": "2402000000", "sf": "7", "bw": "1600", "preamble-length": "8", "duration": "4999", "chip": "COM2"}
{"distance": "13.8146", "fei": "-26698", "rssi": "-67", "snr": "16", "calibration": "13215", "frequency": "2402000000", "sf": "7", "bw": "1600", "preamble-length": "8", "duration": "4999", "chip": "COM2"}
{"distance": "13.7695", "fei": "-26497", "rssi": "-68", "snr": "14", "calibration": "13215", "frequency": "2402000000", "sf": "7", "bw": "1600", "preamble-length": "8", "duration": "5000", "chip": "COM2"}
{"distance": "13.9047", "fei": "-26698", "rssi": "-67", "snr": "15", "calibration": "13215", "frequency": "2402000000", "sf": "7", "bw": "1600", "preamble-length": "8", "duration": "4999", "chip": "COM2"}
{"distance": "13.4314", "fei": "-26698", "rssi": "-68", "snr": "14", "calibration": "13215", "frequency": "2402000000", "sf": "7", "bw": "1600", "preamble-length": "8", "duration": "4999", "chip": "COM2"}
{"distance": "14.5582", "fei": "-26698", "rssi": "-68", "snr": "14", "calibration": "13215", "frequency": "2402000000", "sf": "7", "bw": "1600", "preamble-length": "8", "duration": "4999", "chip": "COM2"}
{"distance": "14.6935", "fei": "-26698", "rssi": "-68", "snr": "14", "calibration": "13215", "frequency": "2402000000", "sf": "7", "bw": "1600", "preamble-length": "8", "duration": "4999", "chip": "COM2"}
{"distance": "14.1075", "fei": "-26698", "rssi": "-68", "snr": "14", "calibration": "13215", "frequency": "2402000000", "sf": "7", "bw": "1600", "preamble-length": "8", "duration": "4999", "chip": "COM2"}
{"distance": "12.7779", "fei": "-26698", "rssi": "-68", "snr": "14", "calibration": "13215", "frequency": "2402000000", "sf": "7", "bw": "1600", "preamble-length": "8", "duration": "4999", "chip": "COM2"}
{"distance": "14.1075", "fei": "-26698", "rssi": "-68", "snr": "14", "calibration": "13215", "frequency": "2402000000", "sf": "7", "bw": "1600", "preamble-length": "8", "duration": "4997", "chip": "COM2"}
{"distance": "15.2343", "fei": "-26698", "rssi": "-68", "snr": "14", "calibration": "13215", "frequency": "2402000000", "sf": "7", "bw": "1600", "preamble-length": "8", "duration": "4999", "chip": "COM2"}
{"distance": "14.2427", "fei": "-26698", "rssi": "-68", "snr": "14", "calibration": "13215", "frequency": "2402000000", "sf": "7", "bw": "1600", "preamble-length": "8", "duration": "4999", "chip": "COM2"}
{"distance": "14.2878", "fei": "-26698", "rssi": "-67", "snr": "15", "calibration": "13215", "frequency": "2402000000", "sf": "7", "bw": "1600", "preamble-length": "8", "duration": "4999", "chip": "COM2"}
{"distance": "13.4765", "fei": "-26698", "rssi": "-67", "snr": "15", "calibration": "13215", "frequency": "2402000000", "sf": "7", "bw": "1600", "preamble-length": "8", "duration": "4999", "chip": "COM2"}
{"distance": "13.8596", "fei": "-26698", "rssi": "-67", "snr": "15", "calibration": "13215", "frequency": "2402000000", "sf": "7", "bw": "1600", "preamble-length": "8", "duration": "4999", "chip": "COM2"}
{"distance": "14.2653", "fei": "-26698", "rssi": "-68", "snr": "14", "calibration": "13215", "frequency": "2402000000", "sf": "7", "bw": "1600", "preamble-length": "8", "duration": "4998", "chip": "COM2"}
{"distance": "12.1018", "fei": "-26698", "rssi": "-67", "snr": "15", "calibration": "13215", "frequency": "2402000000", "sf": "7", "bw": "1600", "preamble-length": "8", "duration": "4998", "chip": "COM2"}
{"distance": "12.1469", "fei": "-26698", "rssi": "-67", "snr": "15", "calibration": "13215", "frequency": "2402000000", "sf": "7", "bw": "1600", "preamble-length": "8", "duration": "4998", "chip": "COM2"}
{"distance": "14.7611", "fei": "-26698", "rssi": "-67", "snr": "16", "calibration": "13215", "frequency": "2402000000", "sf": "7", "bw": "1600", "preamble-length": "8", "duration": "4998", "chip": "COM2"}
{"distance": "14.4456", "fei": "-26698", "rssi": "-67", "snr": "15", "calibration": "13215", "frequency": "2402000000", "sf": "7", "bw": "1600", "preamble-length": "8", "duration": "4998", "chip": "COM2"}
{"distance": "14.2427", "fei": "-26698", "rssi": "-67", "snr": "15", "calibration": "13215", "frequency": "2402000000", "sf": "7", "bw": "1600", "preamble-length": "8", "duration": "4998", "chip": "COM2"}
{"distance": "14.1526", "fei": "-26698", "rssi": "-67", "snr": "14", "calibration": "13215", "frequency": "2402000000", "sf": "7", "bw": "1600", "preamble-length": "8", "duration": "4999", "chip": "COM2"}
{"distance": "12.7779", "fei": "-26698", "rssi": "-67", "snr": "16", "calibration": "13215", "frequency": "2402000000", "sf": "7", "bw": "1600", "preamble-length": "8", "duration": "5000", "chip": "COM2"}
{"distance": "13.6568", "fei": "-26698", "rssi": "-68", "snr": "15", "calibration": "13215", "frequency": "2402000000", "sf": "7", "bw": "1600", "preamble-length": "8", "duration": "4998", "chip": "COM2"}
{"distance": "13.258", "fei": "-26698", "rssi": "-66", "snr": "8", "calibration": "13215", "frequency": "2402000000", "sf": "7", "bw": "1600", "preamble-length": "8", "duration": "4998", "chip": "COM2"}
{"distance": "14.2427", "fei": "-26698", "rssi": "-68", "snr": "16", "calibration": "13215", "frequency": "2402000000", "sf": "7", "bw": "1600", "preamble-length": "8", "duration": "4999", "chip": "COM2"}
{"distance": "13.5441", "fei": "-26698", "rssi": "-67", "snr": "14", "calibration": "13215", "frequency": "2402000000", "sf": "7", "bw": "1600", "preamble-length": "8", "duration": "4998", "chip": "COM2"}
{"distance": "13.2962", "fei": "-26698", "rssi": "-67", "snr": "16", "calibration": "13215", "frequency": "2402000000", "sf": "7", "bw": "1600", "preamble-length": "8", "duration": "4998", "chip": "COM2"}
{"distance": "13.2286", "fei": "-26698", "rssi": "-67", "snr": "14", "calibration": "13215", "frequency": "2402000000", "sf": "7", "bw": "1600", "preamble-length": "8", "duration": "4998", "chip": "COM2"}
{"distance": "14.7160", "fei": "-26698", "rssi": "-67", "snr": "16", "calibration": "13215", "frequency": "2402000000", "sf": "7", "bw": "1600", "preamble-length": "8", "duration": "4998", "chip": "COM2"}
{"distance": "14.625", "fei": "-26900", "rssi": "-72", "snr": "11", "calibration": "13215", "frequency": "2402000000", "sf": "7", "bw": "1600", "preamble-length": "8", "duration": "4999", "chip": "COM2"}
{"distance": "13.2737", "fei": "-26698", "rssi": "-68", "snr": "16", "calibration": "13215", "frequency": "2402000000", "sf": "7", "bw": "1600", "preamble-length": "8", "duration": "4999", "chip": "COM2"}
{"distance": "14.1526", "fei": "-26698", "rssi": "-67", "snr": "15", "calibration": "13215", "frequency": "2402000000", "sf": "7", "bw": "1600", "preamble-length": "8", "duration": "4999", "chip": "COM2"}
{"distance": "14.1075", "fei": "-26698", "rssi": "-67", "snr": "14", "calibration": "13215", "frequency": "2402000000", "sf": "7", "bw": "1600", "preamble-length": "8", "duration": "4998", "chip": "COM2"}
{"distance": "15.7977", "fei": "-26698", "rssi": "-67", "snr": "15", "calibration": "13215", "frequency": "2402000000", "sf": "7", "bw": "1600", "preamble-length": "8", "duration": "4999", "chip": "COM2"}
{"distance": "14.6484", "fei": "-26698", "rssi": "-68", "snr": "15", "calibration": "13215", "frequency": "2402000000", "sf": "7", "bw": "1600", "preamble-length": "8", "duration": "4999", "chip": "COM2"}
{"distance": "14.9864", "fei": "-26698", "rssi": "-66", "snr": "16", "calibration": "13215", "frequency": "2402000000", "sf": "7", "bw": "1600", "preamble-length": "8", "duration": "4999", "chip": "COM2"}
{"distance": "14.9188", "fei": "-26698", "rssi": "-67", "snr": "15", "calibration": "13215", "frequency": "2402000000", "sf": "7", "bw": "1600", "preamble-length": "8", "duration": "4999", "chip": "COM2"}
{"distance": "14.8287", "fei": "-26698", "rssi": "-67", "snr": "15", "calibration": "13215", "frequency": "2402000000", "sf": "7", "bw": "1600", "preamble-length": "8", "duration": "4998", "chip": "COM2"}
{"distance": "15.315", "fei": "-26698", "rssi": "-67", "snr": "15", "calibration": "13215", "frequency": "2402000000", "sf": "7", "bw": "1600", "preamble-length": "8", "duration": "4999", "chip": "COM2"}
{"distance": "13.9723", "fei": "-26698", "rssi": "-67", "snr": "15", "calibration": "13215", "frequency": "2402000000", "sf": "7", "bw": "1600", "preamble-length": "8", "duration": "4999", "chip": "COM2"}
{"distance": "14.5357", "fei": "-26698", "rssi": "-67", "snr": "15", "calibration": "13215", "frequency": "2402000000", "sf": "7", "bw": "1600", "preamble-length": "8", "duration": "4998", "chip": "COM2"}
{"distance": "15.2343", "fei": "-26698", "rssi": "-67", "snr": "15", "calibration": "13215", "frequency": "2402000000", "sf": "7", "bw": "1600", "preamble-length": "8", "duration": "4999", "chip": "COM2"}
{"distance": "14.4456", "fei": "-26698", "rssi": "-66", "snr": "15", "calibration": "13215", "frequency": "2402000000", "sf": "7", "bw": "1600", "preamble-length": "8", "duration": "4999", "chip": "COM2"}
{"distance": "14.8963", "fei": "-26698", "rssi": "-67", "snr": "15", "calibration": "13215", "frequency": "2402000000", "sf": "7", "bw": "1600", "preamble-length": "8", "duration": "4997", "chip": "COM2"}
{"distance": "14.2202", "fei": "-26698", "rssi": "-67", "snr": "15", "calibration": "13215", "frequency": "2402000000", "sf": "7", "bw": "1600", "preamble-length": "8", "duration": "4999", "chip": "COM2"}
{"distance": "14.9639", "fei": "-26698", "rssi": "-68", "snr": "14", "calibration": "13215", "frequency": "2402000000", "sf": "7", "bw": "1600", "preamble-length": "8", "duration": "4999", "chip": "COM2"}
{"distance": "13.709", "fei": "-26698", "rssi": "-67", "snr": "15", "calibration": "13215", "frequency": "2402000000", "sf": "7", "bw": "1600", "preamble-length": "8", "duration": "4999", "chip": "COM2"}
{"distance": "15.90", "fei": "-26698", "rssi": "-67", "snr": "16", "calibration": "13215", "frequency": "2402000000", "sf": "7", "bw": "1600", "preamble-length": "8", "duration": "4999", "chip": "COM2"}
{"distance": "13.5892", "fei": "-26698", "rssi": "-68", "snr": "16", "calibration": "13215", "frequency": "2402000000", "sf": "7", "bw": "1600", "preamble-length": "8", "duration": "4998", "chip": "COM2"}
{"distance": "15.6625", "fei": "-26698", "rssi": "-67", "snr": "15", "calibration": "13215", "frequency": "2402000000", "sf": "7", "bw": "1600", "preamble-length": "8", "duration": "4999", "chip": "COM2"}
{"distance": "9.3524", "fei": "-27504", "rssi": "-57", "snr": "15", "calibration": "13215", "frequency": "2476000000", "sf": "7", "bw": "1600", "preamble-length": "8", "duration": "5005", "chip": "COM2"}
{"distance": "8.8115", "fei": "-27706", "rssi": "-57", "snr": "14", "calibration": "13215", "frequency": "2476000000", "sf": "7", "bw": "1600", "preamble-length": "8", "duration": "5004", "chip": "COM2"}
{"distance": "10.9975", "fei": "-27504", "rssi": "-57", "snr": "15", "calibration": "13215", "frequency": "2476000000", "sf": "7", "bw": "1600", "preamble-length": "8", "duration": "5004", "chip": "COM2"}
{"distance": "11.2905", "fei": "-27706", "rssi": "-57", "snr": "15", "calibration": "13215", "frequency": "2476000000", "sf": "7", "bw": "1600", "preamble-length": "8", "duration": "5004", "chip": "COM2"}
{"distance": "11.6736", "fei": "-27504", "rssi": "-57", "snr": "15", "calibration": "13215", "frequency": "2476000000", "sf": "7", "bw": "1600", "preamble-length": "8", "duration": "5005", "chip": "COM2"}
{"distance": "11.2229", "fei": "-27504", "rssi": "-57", "snr": "15", "calibration": "13215", "frequency": "2476000000", "sf": "7", "bw": "1600", "preamble-length": "8", "duration": "5005", "chip": "COM2"}
{"distance": "9.9384", "fei": "-27504", "rssi": "-56", "snr": "16", "calibration": "13215", "frequency": "2476000000", "sf": "7", "bw": "1600", "preamble-length": "8", "duration": "5004", "chip": "COM2"}
{"distance": "10.8173", "fei": "-27706", "rssi": "-57", "snr": "15", "calibration": "13215", "frequency": "2476000000", "sf": "7", "bw": "1600", "preamble-length": "8", "duration": "5005", "chip": "COM2"}
{"distance": "10.3665", "fei": "-27504", "rssi": "-57", "snr": "15", "calibration": "13215", "frequency": "2476000000", "sf": "7", "bw": "1600", "preamble-length": "8", "duration": "5004", "chip": "COM2"}
{"distance": "12.1018", "fei": "-27504", "rssi": "-57", "snr": "16", "calibration": "13215", "frequency": "2476000000", "sf": "7", "bw": "1600", "preamble-length": "8", "duration": "5004", "chip": "COM2"}
{"distance": "10.2313", "fei": "-27706", "rssi": "-57", "snr": "15", "calibration": "13215", "frequency": "2476000000", "sf": "7", "bw": "1600", "preamble-length": "8", "duration": "5004", "chip": "COM2"}
{"distance": "11.2229", "fei": "-27504", "rssi": "-57", "snr": "15", "calibration": "13215", "frequency": "2476000000", "sf": "7", "bw": "1600", "preamble-length": "8", "duration": "5005", "chip": "COM2"}
{"distance": "10.1412", "fei": "-27504", "rssi": "-57", "snr": "15", "calibration": "13215", "frequency": "2476000000", "sf": "7", "bw": "1600", "preamble-length": "8", "duration": "5005", "chip": "COM2"}
{"distance": "10.5694", "fei": "-27504", "rssi": "-56", "snr": "16", "calibration": "13215", "frequency": "2476000000", "sf": "7", "bw": "1600", "preamble-length": "8", "duration": "5004", "chip": "COM2"}
{"distance": "11.8990", "fei": "-27706", "rssi": "-56", "snr": "17", "calibration": "13215", "frequency": "2476000000", "sf": "7", "bw": "1600", "preamble-length": "8", "duration": "5004", "chip": "COM2"}
{"distance": "9.369", "fei": "-27504", "rssi": "-57", "snr": "15", "calibration": "13215", "frequency": "2476000000", "sf": "7", "bw": "1600", "preamble-length": "8", "duration": "5004", "chip": "COM2"}
{"distance": "11.5159", "fei": "-27504", "rssi": "-57", "snr": "15", "calibration": "13215", "frequency": "2476000000", "sf": "7", "bw": "1600", "preamble-length": "8", "duration": "5004", "chip": "COM2"}
{"distance": "12.117", "fei": "-27504", "rssi": "-57", "snr": "15", "calibration": "13215", "frequency": "2476000000", "sf": "7", "bw": "1600", "preamble-length": "8", "duration": "5005", "chip": "COM2"}
{"distance": "11.6060", "fei": "-27504", "rssi": "-57", "snr": "16", "calibration": "13215", "frequency": "2476000000", "sf": "7", "bw": "1600", "preamble-length": "8", "duration": "5005", "chip": "COM2"}
{"distance": "9.5552", "fei": "-27504", "rssi": "-57", "snr": "15", "calibration": "13215", "frequency": "2476000000", "sf": "7", "bw": "1600", "preamble-length": "8", "duration": "5005", "chip": "COM2"}
{"distance": "11.6511", "fei": "-27504", "rssi": "-57", "snr": "16", "calibration": "13215", "frequency": "2476000000", "sf": "7", "bw": "1600", "preamble-length": "8", "duration": "5004", "chip": "COM2"}
{"distance": "10.961", "fei": "-27504", "rssi": "-57", "snr": "15", "calibration": "13215", "frequency": "2476000000", "sf": "7", "bw": "1600", "preamble-length": "8", "duration": "5004", "chip": "COM2"}
{"distance": "9.3299", "fei": "-27504", "rssi": "-57", "snr": "16", "calibration": "13215", "frequency": "2476000000", "sf": "7", "bw": "1600", "preamble-length": "8", "duration": "5005", "chip": "COM2"}
{"distance": "10.7496", "fei": "-27504", "rssi": "-57", "snr": "14", "calibration": "13215", "frequency": "2476000000", "sf": "7", "bw": "1600", "preamble-length": "8", "duration": "5005", "chip": "COM2"}
{"distance": "9.594", "fei": "-27504", "rssi": "-57", "snr": "16", "calibration": "13215", "frequency": "2476000000", "sf": "7", "bw": "1600", "preamble-length": "8", "duration": "5004", "chip": "COM2"}
{"distance": "10.7947", "fei": "-27706", "rssi": "-57", "snr": "15", "calibration": "13215", "frequency": "2476000000", "sf": "7", "bw": "1600", "preamble-length": "8", "duration": "5005", "chip": "COM2"}
{"distance": "9.8482", "fei": "-27504", "rssi": "-57", "snr": "15", "calibration": "13215", "frequency": "2476000000", "sf": "7", "bw": "1600", "preamble-length": "8", "duration": "5005", "chip": "COM2"}
{"distance": "10.8173", "fei": "-27706", "rssi": "-57", "snr": "15", "calibration": "13215", "frequency": "2476000000", "sf": "7", "bw": "1600", "preamble-length": "8", "duration": "5004", "chip": "COM2"}
{"distance": "9.2848", "fei": "-27504", "rssi": "-57", "snr": "15", "calibration": "13215", "frequency": "2476000000", "sf": "7", "bw": "1600", "preamble-length": "8", "duration": "5004", "chip": "COM2"}
{"distance": "10.9074", "fei": "-27504", "rssi": "-57", "snr": "17", "calibration": "13215", "frequency": "2476000000", "sf": "7", "bw": "1600", "preamble-length": "8", "duration": "5004", "chip": "COM2"}
{"distance": "8.7214", "fei": "-27706", "rssi": "-56", "snr": "14", "calibration": "13215", "frequency": "2476000000", "sf": "7", "bw": "1600", "preamble-length": "8", "duration": "5005", "chip": "COM2"}
{"distance": "9.6003", "fei": "-27504", "rssi": "-57", "snr": "15", "calibration": "13215", "frequency": "2476000000", "sf": "7", "bw": "1600", "preamble-length": "8", "duration": "5005", "chip": "COM2"}
{"distance": "11.4933", "fei": "-27504", "rssi": "-57", "snr": "15", "calibration": "13215", "frequency": "2476000000", "sf": "7", "bw": "1600", "preamble-length": "8", "duration": "5004", "chip": "COM2"}
{"distance": "10.60", "fei": "-27706", "rssi": "-57", "snr": "15", "calibration": "13215", "frequency": "2476000000", "sf": "7", "bw": "1600", "preamble-length": "8", "duration": "5005", "chip": "COM2"}
{"distance": "11.3131", "fei": "-27504", "rssi": "-57", "snr": "15", "calibration": "13215", "frequency": "2476000000", "sf": "7", "bw": "1600", "preamble-length": "8", "duration": "5004", "chip": "COM2"}
{"distance": "11.5835", "fei": "-27706", "rssi": "-57", "snr": "15", "calibration": "13215", "frequency": "2476000000", "sf": "7", "bw": "1600", "preamble-length": "8", "duration": "5005", "chip": "COM2"}
{"distance": "11.5384", "fei": "-27504", "rssi": "-57", "snr": "15", "calibration": "13215", "frequency": "2476000000", "sf": "7", "bw": "1600", "preamble-length": "8", "duration": "5005", "chip": "COM2"}
{"distance": "10.4341", "fei": "-27706", "rssi": "-59", "snr": "14", "calibration": "13215", "frequency": "2476000000", "sf": "7", "bw": "1600", "preamble-length": "8", "duration": "5004", "chip": "COM2"}
{"distance": "11.8539", "fei": "-27504", "rssi": "-57", "snr": "15", "calibration": "13215", "frequency": "2476000000", "sf": "7", "bw": "1600", "preamble-length": "8", "duration": "5004", "chip": "COM2"}
{"distance": "12.2145", "fei": "-27504", "rssi": "-56", "snr": "16", "calibration": "13215", "frequency": "2476000000", "sf": "7", "bw": "1600", "preamble-length": "8", "duration": "5004", "chip": "COM2"}
{"distance": "10.736", "fei": "-27504", "rssi": "-57", "snr": "15", "calibration": "13215", "frequency": "2476000000", "sf": "7", "bw": "1600", "preamble-length": "8", "duration": "5004", "chip": "COM2"}
{"distance": "10.7496", "fei": "-27706", "rssi": "-57", "snr": "16", "calibration": "13215", "frequency": "2476000000", "sf": "7", "bw": "1600", "preamble-length": "8", "duration": "5005", "chip": "COM2"}
{"distance": "9.7806", "fei": "-27504", "rssi": "-56", "snr": "16", "calibration": "13215", "frequency": "2476000000", "sf": "7", "bw": "1600", "preamble-length": "8", "duration": "5005", "chip": "COM2"}
{"distance": "10.60", "fei": "-27504", "rssi": "-57", "snr": "16", "calibration": "13215", "frequency": "2476000000", "sf": "7", "bw": "1600", "preamble-length": "8", "duration": "5004", "chip": "COM2"}
{"distance": "10.1637", "fei": "-27706", "rssi": "-57", "snr": "14", "calibration": "13215", "frequency": "2476000000", "sf": "7", "bw": "1600", "preamble-length": "8", "duration": "5004", "chip": "COM2"}
{"distance": "10.4567", "fei": "-27504", "rssi": "-57", "snr": "15", "calibration": "13215", "frequency": "2476000000", "sf": "7", "bw": "1600", "preamble-length": "8", "duration": "5005", "chip": "COM2"}
{"distance": "10.6820", "fei": "-27504", "rssi": "-57", "snr": "15", "calibration": "13215", "frequency": "2476000000", "sf": "7", "bw": "1600", "preamble-length": "8", "duration": "5004", "chip": "COM2"}
{"distance": "9.369", "fei": "-27504", "rssi": "-57", "snr": "15", "calibration": "13215", "frequency": "2476000000", "sf": "7", "bw": "1600", "preamble-length": "8", "duration": "5004", "chip": "COM2"}
{"distance": "11.1553", "fei": "-27504", "rssi": "-57", "snr": "17", "calibration": "13215", "frequency": "2476000000", "sf": "7", "bw": "1600", "preamble-length": "8", "duration": "5004", "chip": "COM2"}
{"distance": "11.1102", "fei": "-27504", "rssi": "-56", "snr": "16", "calibration": "13215", "frequency": "2476000000", "sf": "7", "bw": "1600", "preamble-length": "8", "duration": "5005", "chip": "COM2"}
{"distance": "9.9384", "fei": "-27504", "rssi": "-56", "snr": "16", "calibration": "13215", "frequency": "2476000000", "sf": "7", "bw": "1600", "preamble-length": "8", "duration": "5005", "chip": "COM2"}
{"distance": "9.5552", "fei": "-27504", "rssi": "-57", "snr": "15", "calibration": "13215", "frequency": "2476000000", "sf": "7", "bw": "1600", "preamble-length": "8", "duration": "5004", "chip": "COM2"}
{"distance": "10.2989", "fei": "-27504", "rssi": "-57", "snr": "16", "calibration": "13215", "frequency": "2476000000", "sf": "7", "bw": "1600", "preamble-length": "8", "duration": "5005", "chip": "COM2"}
{"distance": "11.9891", "fei": "-27504", "rssi": "-57", "snr": "16", "calibration": "13215", "frequency": "2476000000", "sf": "7", "bw": "1600", "preamble-length": "8", "duration": "5004", "chip": "COM2"}
{"distance": "10.5018", "fei": "-27504", "rssi": "-57", "snr": "17", "calibration": "13215", "frequency": "2476000000", "sf": "7", "bw": "1600", "preamble-length": "8", "duration": "5004", "chip": "COM2"}
{"distance": "10.3440", "fei": "-27504", "rssi": "-57", "snr": "16", "calibration": "13215", "frequency": "2476000000", "sf": "7", "bw": "1600", "preamble-length": "8", "duration": "5004", "chip": "COM2"}
{"distance": "9.3524", "fei": "-27504", "rssi": "-57", "snr": "15", "calibration": "13215", "frequency": "2476000000", "sf": "7", "bw": "1600", "preamble-length": "8", "duration": "5005", "chip": "COM2"}
{"distance": "8.9918", "fei": "-27504", "rssi": "-57", "snr": "15", "calibration": "13215", "frequency": "2476000000", "sf": "7", "bw": "1600", "preamble-length": "8", "duration": "5005", "chip": "COM2"}
{"distance": "9.3750", "fei": "-27504", "rssi": "-57", "snr": "15", "calibration": "13215", "frequency": "2476000000", "sf": "7", "bw": "1600", "preamble-length": "8", "duration": "5004", "chip": "COM2"}
{"distance": "9.9384", "fei": "-27504", "rssi": "-57", "snr": "15", "calibration": "13215", "frequency": "2476000000", "sf": "7", "bw": "1600", "preamble-length": "8", "duration": "5005", "chip": "COM2"}
{"distance": "9.8707", "fei": "-27504", "rssi": "-57", "snr": "15", "calibration": "13215", "frequency": "2476000000", "sf": "7", "bw": "1600", "preamble-length": "8", "duration": "5005", "chip": "COM2"}
{"distance": "9.8257", "fei": "-27504", "rssi": "-57", "snr": "17", "calibration": "13215", "frequency": "2476000000", "sf": "7", "bw": "1600", "preamble-length": "8", "duration": "5004", "chip": "COM2"}
{"distance": "8.6989", "fei": "-27706", "rssi": "-57", "snr": "15", "calibration": "13215", "frequency": "2476000000", "sf": "7", "bw": "1600", "preamble-length": "8", "duration": "5004", "chip": "COM2"}
{"distance": "10.2313", "fei": "-27504", "rssi": "-57", "snr": "15", "calibration": "13215", "frequency": "2476000000", "sf": "7", "bw": "1600", "preamble-length": "8", "duration": "5004", "chip": "COM2"}
{"distance": "10.3440", "fei": "-27504", "rssi": "-57", "snr": "15", "calibration": "13215", "frequency": "2476000000", "sf": "7", "bw": "1600", "preamble-length": "8", "duration": "5005", "chip": "COM2"}
{"distance": "9.8933", "fei": "-27504", "rssi": "-57", "snr": "15", "calibration": "13215", "frequency": "2476000000", "sf": "7", "bw": "1600", "preamble-length": "8", "duration": "5004", "chip": "COM2"}
{"distance": "10.2764", "fei": "-27504", "rssi": "-57", "snr": "15", "calibration": "13215", "frequency": "2476000000", "sf": "7", "bw": "1600", "preamble-length": "8", "duration": "5004", "chip": "COM2"}
{"distance": "10.7947", "fei": "-27706", "rssi": "-57", "snr": "14", "calibration": "13215", "frequency": "2476000000", "sf": "7", "bw": "1600", "preamble-length": "8", "duration": "5004", "chip": "COM2"}
{"distance": "9.6228", "fei": "-27706", "rssi": "-57", "snr": "15", "calibration": "13215", "frequency": "2476000000", "sf": "7", "bw": "1600", "preamble-length": "8", "duration": "5004", "chip": "COM2"}
{"distance": "10.510", "fei": "-27504", "rssi": "-57", "snr": "15", "calibration": "13215", "frequency": "2476000000", "sf": "7", "bw": "1600", "preamble-length": "8", "duration": "5005", "chip": "COM2"}
{"distance": "11.3131", "fei": "-27706", "rssi": "-57", "snr": "16", "calibration": "13215", "frequency": "2476000000", "sf": "7", "bw": "1600", "preamble-length": "8", "duration": "5005", "chip": "COM2"}
{"distance": "11.2454", "fei": "-27504", "rssi": "-57", "snr": "15", "calibration": "13215", "frequency": "2476000000", "sf": "7", "bw": "1600", "preamble-length": "8", "duration": "5005", "chip": "COM2"}
{"distance": "10.3215", "fei": "-27504", "rssi": "-57", "snr": "15", "calibration": "13215", "frequency": "2476000000", "sf": "7", "bw": "1600", "preamble-length": "8", "duration": "5004", "chip": "COM2"}
{"distance": "10.5468", "fei": "-27706", "rssi": "-57", "snr": "15", "calibration": "13215", "frequency": "2476000000", "sf": "7", "bw": "1600", "preamble-length": "8", "duration": "5004", "chip": "COM2"}
{"distance": "10.3215", "fei": "-27504", "rssi": "-57", "snr": "15", "calibration": "13215", "frequency": "2476000000", "sf": "7", "bw": "1600", "preamble-length": "8", "duration": "5004", "chip": "COM2"}
{"distance": "10.9299", "fei": "-27504", "rssi": "-57", "snr": "15", "calibration": "13215", "frequency": "2476000000", "sf": "7", "bw": "1600", "preamble-length": "8", "duration": "5004", "chip": "COM2"}
{"distance": "11.3807", "fei": "-27706", "rssi": "-57", "snr": "15", "calibration": "13215", "frequency": "2476000000", "sf": "7", "bw": "1600", "preamble-length": "8", "duration": "5005", "chip": "COM2"}
{"distance": "11.3807", "fei": "-27504", "rssi": "-57", "snr": "16", "calibration": "13215", "frequency": "2476000000", "sf": "7", "bw": "1600", "preamble-length": "8", "duration": "5004", "chip": "COM2"}
{"distance": "9.9384", "fei": "-27504", "rssi": "-57", "snr": "15", "calibration": "13215", "frequency": "2476000000", "sf": "7", "bw": "1600", "preamble-length": "8", "duration": "5005", "chip": "COM2"}
{"distance": "10.9074", "fei": "-27706", "rssi": "-55", "snr": "16", "calibration": "13215", "frequency": "2476000000", "sf": "7", "bw": "1600", "preamble-length": "8", "duration": "5004", "chip": "COM2"}
{"distance": "11.201", "fei": "-27706", "rssi": "-57", "snr": "15", "calibration": "13215", "frequency": "2476000000", "sf": "7", "bw": "1600", "preamble-length": "8", "duration": "5004", "chip": "COM2"}
{"distance": "10.961", "fei": "-27504", "rssi": "-57", "snr": "15", "calibration": "13215", "frequency": "2476000000", "sf": "7", "bw": "1600", "preamble-length": "8", "duration": "5005", "chip": "COM2"}
{"distance": "9.3299", "fei": "-27706", "rssi": "-57", "snr": "15", "calibration": "13215", "frequency": "2476000000", "sf": "7", "bw": "1600", "preamble-length": "8", "duration": "5005", "chip": "COM2"}
{"distance": "11.6286", "fei": "-27706", "rssi": "-57", "snr": "15", "calibration": "13215", "frequency": "2476000000", "sf": "7", "bw": "1600", "preamble-length": "8", "duration": "5005", "chip": "COM2"}
{"distance": "11.2905", "fei": "-27504", "rssi": "-57", "snr": "15", "calibration": "13215", "frequency": "2476000000", "sf": "7", "bw": "1600", "preamble-length": "8", "duration": "5004", "chip": "COM2"}
{"distance": "10.7046", "fei": "-27504", "rssi": "-57", "snr": "15", "calibration": "13215", "frequency": "2476000000", "sf": "7", "bw": "1600", "preamble-length": "8", "duration": "5005", "chip": "COM2"}
{"distance": "10.5243", "fei": "-27504", "rssi": "-57", "snr": "15", "calibration": "13215", "frequency": "2476000000", "sf": "7", "bw": "1600", "preamble-length": "8", "duration": "5005", "chip": "COM2"}
{"distance": "10.7046", "fei": "-27504", "rssi": "-57", "snr": "16", "calibration": "13215", "frequency": "2476000000", "sf": "7", "bw": "1600", "preamble-length": "8", "duration": "5004", "chip": "COM2"}
{"distance": "8.9242", "fei": "-27504", "rssi": "-57", "snr": "15", "calibration": "13215", "frequency": "2476000000", "sf": "7", "bw": "1600", "preamble-length": "8", "duration": "5005", "chip": "COM2"}
{"distance": "11.2229", "fei": "-27706", "rssi": "-57", "snr": "15", "calibration": "13215", "frequency": "2476000000", "sf": "7", "bw": "1600", "preamble-length": "8", "duration": "5005", "chip": "COM2"}
{"distance": "10.5243", "fei": "-27504", "rssi": "-57", "snr": "15", "calibration": "13215", "frequency": "2476000000", "sf": "7", "bw": "1600", "preamble-length": "8", "duration": "5005", "chip": "COM2"}
{"distance": "12.1018", "fei": "-27504", "rssi": "-57", "snr": "15", "calibration": "13215", "frequency": "2476000000", "sf": "7", "bw": "1600", "preamble-length": "8", "duration": "5004", "chip": "COM2"}
{"distance": "11.4032", "fei": "-27706", "rssi": "-56", "snr": "15", "calibration": "13215", "frequency": "2476000000", "sf": "7", "bw": "1600", "preamble-length": "8", "duration": "5004", "chip": "COM2"}
{"distance": "11.4708", "fei": "-27504", "rssi": "-56", "snr": "16", "calibration": "13215", "frequency": "2476000000", "sf": "7", "bw": "1600", "preamble-length": "8", "duration": "5004", "chip": "COM2"}
{"distance": "8.9468", "fei": "-27504", "rssi": "-57", "snr": "15", "calibration": "13215", "frequency": "2476000000", "sf": "7", "bw": "1600", "preamble-length": "8", "duration": "5005", "chip": "COM2"}
{"distance": "10.7271", "fei": "-27504", "rssi": "-57", "snr": "15", "calibration": "13215", "frequency": "2476000000", "sf": "7", "bw": "1600", "preamble-length": "8", "duration": "5004", "chip": "COM2"}
{"distance": "10.3665", "fei": "-27504", "rssi": "-57", "snr": "15", "calibration": "13215", "frequency": "2476000000", "sf": "7", "bw": "1600", "preamble-length": "8", "duration": "5005", "chip": "COM2"}
{"distance": "12.1243", "fei": "-27706", "rssi": "-57", "snr": "15", "calibration": "13215", "frequency": "2476000000", "sf": "7", "bw": "1600", "preamble-length": "8", "duration": "5005", "chip": "COM2"}
{"distance": "10.961", "fei": "-27706", "rssi": "-57", "snr": "15", "calibration": "13215", "frequency": "2476000000", "sf": "7", "bw": "1600", "preamble-length": "8", "duration": "5004", "chip": "COM2"}
{"distance": "10.1412", "fei": "-27706", "rssi": "-57", "snr": "15", "calibration": "13215", "frequency": "2476000000", "sf": "7", "bw": "1600", "preamble-length": "8", "duration": "5004", "chip": "COM2"}
{"distance": "12.9131", "fei": "-27101", "rssi": "-60", "snr": "15", "calibration": "13215", "frequency": "2436000000", "sf": "7", "bw": "1600", "preamble-length": "8", "duration": "4998", "chip": "COM2"}
{"distance": "12.6201", "fei": "-27101", "rssi": "-60", "snr": "15", "calibration": "13215", "frequency": "2436000000", "sf": "7", "bw": "1600", "preamble-length": "8", "duration": "4998", "chip": "COM2"}
{"distance": "12.4624", "fei": "-27101", "rssi": "-60", "snr": "15", "calibration": "13215", "frequency": "2436000000", "sf": "7", "bw": "1600", "preamble-length": "8", "duration": "4999", "chip": "COM2"}
{"distance": "13.2962", "fei": "-27101", "rssi": "-60", "snr": "14", "calibration": "13215", "frequency": "2436000000", "sf": "7", "bw": "1600", "preamble-length": "8", "duration": "4998", "chip": "COM2"}
{"distance": "12.7103", "fei": "-27101", "rssi": "-60", "snr": "15", "calibration": "13215", "frequency": "2436000000", "sf": "7", "bw": "1600", "preamble-length": "8", "duration": "4998", "chip": "COM2"}
{"distance": "13.3188", "fei": "-27101", "rssi": "-60", "snr": "14", "calibration": "13215", "frequency": "2436000000", "sf": "7", "bw": "1600", "preamble-length": "8", "duration": "4998", "chip": "COM2"}
{"distance": "12.5976", "fei": "-27101", "rssi": "-60", "snr": "15", "calibration": "13215", "frequency": "2436000000", "sf": "7", "bw": "1600", "preamble-length": "8", "duration": "4998", "chip": "COM2"}
{"distance": "13.4765", "fei": "-27101", "rssi": "-60", "snr": "15", "calibration": "13215", "frequency": "2436000000", "sf": "7", "bw": "1600", "preamble-length": "8", "duration": "4998", "chip": "COM2"}
{"distance": "12.793", "fei": "-27101", "rssi": "-60", "snr": "14", "calibration": "13215", "frequency": "2436000000", "sf": "7", "bw": "1600", "preamble-length": "8", "duration": "4999", "chip": "COM2"}
{"distance": "12.8230", "fei": "-27101", "rssi": "-60", "snr": "14", "calibration": "13215", "frequency": "2436000000", "sf": "7", "bw": "1600", "preamble-length": "8", "duration": "4998", "chip": "COM2"}
{"distance": "11.6060", "fei": "-27101", "rssi": "-60", "snr": "14", "calibration": "13215", "frequency": "2436000000", "sf": "7", "bw": "1600", "preamble-length": "8", "duration": "4997", "chip": "COM2"}
{"distance": "11.3356", "fei": "-27101", "rssi": "-60", "snr": "15", "calibration": "13215", "frequency": "2436000000", "sf": "7", "bw": "1600", "preamble-length": "8", "duration": "4998", "chip": "COM2"}
{"distance": "12.3046", "fei": "-27101", "rssi": "-60", "snr": "14", "calibration": "13215", "frequency": "2436000000", "sf": "7", "bw": "1600", "preamble-length": "8", "duration": "4998", "chip": "COM2"}
{"distance": "12.4173", "fei": "-27101", "rssi": "-60", "snr": "15", "calibration": "13215", "frequency": "2436000000", "sf": "7", "bw": "1600", "preamble-length": "8", "duration": "4998", "chip": "COM2"}
{"distance": "12.4849", "fei": "-27101", "rssi": "-60", "snr": "14", "calibration": "13215", "frequency": "2436000000", "sf": "7", "bw": "1600", "preamble-length": "8", "duration": "4997", "chip": "COM2"}
{"distance": "13.2061", "fei": "-27101", "rssi": "-60", "snr": "14", "calibration": "13215", "frequency": "2436000000", "sf": "7", "bw": "1600", "preamble-length": "8", "duration": "4998", "chip": "COM2"}
{"distance": "10.9750", "fei": "-27101", "rssi": "-60", "snr": "14", "calibration": "13215", "frequency": "2436000000", "sf": "7", "bw": "1600", "preamble-length": "8", "duration": "4999", "chip": "COM2"}
{"distance": "11.9215", "fei": "-27101", "rssi": "-60", "snr": "14", "calibration": "13215", "frequency": "2436000000", "sf": "7", "bw": "1600", "preamble-length": "8", "duration": "4998", "chip": "COM2"}
{"distance": "12.117", "fei": "-27101", "rssi": "-60", "snr": "15", "calibration": "13215", "frequency": "2436000000", "sf": "7", "bw": "1600", "preamble-length": "8", "duration": "4999", "chip": "COM2"}
{"distance": "11.5609", "fei": "-27101", "rssi": "-60", "snr": "14", "calibration": "13215", "frequency": "2436000000", "sf": "7", "bw": "1600", "preamble-length": "8", "duration": "4998", "chip": "COM2"}
{"distance": "12.117", "fei": "-27101", "rssi": "-60", "snr": "15", "calibration": "13215", "frequency": "2436000000", "sf": "7", "bw": "1600", "preamble-length": "8", "duration": "4998", "chip": "COM2"}
{"distance": "13.7920", "fei": "-27101", "rssi": "-60", "snr": "15", "calibration": "13215", "frequency": "2436000000", "sf": "7", "bw": "1600", "preamble-length": "8", "duration": "4999", "chip": "COM2"}
{"distance": "12.1018", "fei": "-26900", "rssi": "-60", "snr": "15", "calibration": "13215", "frequency": "2436000000", "sf": "7", "bw": "1600", "preamble-length": "8", "duration": "4997", "chip": "COM2"}
{"distance": "12.7554", "fei": "-26900", "rssi": "-60", "snr": "15", "calibration": "13215", "frequency": "2436000000", "sf": "7", "bw": "1600", "preamble-length": "8", "duration": "4998", "chip": "COM2"}
{"distance": "13.8822", "fei": "-27101", "rssi": "-60", "snr": "14", "calibration": "13215", "frequency": "2436000000", "sf": "7", "bw": "1600", "preamble-length": "8", "duration": "4998", "chip": "COM2"}
{"distance": "13.4765", "fei": "-27101", "rssi": "-60", "snr": "14", "calibration": "13215", "frequency": "2436000000", "sf": "7", "bw": "1600", "preamble-length": "8", "duration": "4998", "chip": "COM2"}
{"distance": "13.7019", "fei": "-26900", "rssi": "-60", "snr": "14", "calibration": "13215", "frequency": "2436000000", "sf": "7", "bw": "1600", "preamble-length": "8", "duration": "4998", "chip": "COM2"}
{"distance": "11.4933", "fei": "-27101", "rssi": "-60", "snr": "15", "calibration": "13215", "frequency": "2436000000", "sf": "7", "bw": "1600", "preamble-length": "8", "duration": "4998", "chip": "COM2"}
{"distance": "11.2004", "fei": "-27101", "rssi": "-60", "snr": "14", "calibration": "13215", "frequency": "2436000000", "sf": "7", "bw": "1600", "preamble-length": "8", "duration": "4998", "chip": "COM2"}
{"distance": "12.8004", "fei": "-27101", "rssi": "-60", "snr": "15", "calibration": "13215", "frequency": "2436000000", "sf": "7", "bw": "1600", "preamble-length": "8", "duration": "4997", "chip": "COM2"}
{"distance": "11.9215", "fei": "-26900", "rssi": "-60", "snr": "15", "calibration": "13215", "frequency": "2436000000", "sf": "7", "bw": "1600", "preamble-length": "8", "duration": "4998", "chip": "COM2"}
{"distance": "12.117", "fei": "-27101", "rssi": "-60", "snr": "14", "calibration": "13215", "frequency": "2436000000", "sf": "7", "bw": "1600", "preamble-length": "8", "duration": "4998", "chip": "COM2"}
{"distance": "12.6652", "fei": "-27101", "rssi": "-60", "snr": "15", "calibration": "13215", "frequency": "2436000000", "sf": "7", "bw": "1600", "preamble-length": "8", "duration": "4999", "chip": "COM2"}
{"distance": "12.9807", "fei": "-27101", "rssi": "-60", "snr": "15", "calibration": "13215", "frequency": "2436000000", "sf": "7", "bw": "1600", "preamble-length": "8", "duration": "4997", "chip": "COM2"}
{"distance": "11.5384", "fei": "-27101", "rssi": "-60", "snr": "15", "calibration": "13215", "frequency": "2436000000", "sf": "7", "bw": "1600", "preamble-length": "8", "duration": "4999", "chip": "COM2"}
{"distance": "13.934", "fei": "-27101", "rssi": "-60", "snr": "15", "calibration": "13215", "frequency": "2436000000", "sf": "7", "bw": "1600", "preamble-length": "8", "duration": "4999", "chip": "COM2"}
{"distance": "12.3272", "fei": "-27101", "rssi": "-60", "snr": "14", "calibration": "13215", "frequency": "2436000000", "sf": "7", "bw": "1600", "preamble-length": "8", "duration": "4997", "chip": "COM2"}
{"distance": "12.793", "fei": "-27101", "rssi": "-60", "snr": "14", "calibration": "13215", "frequency": "2436000000", "sf": "7", "bw": "1600", "preamble-length": "8", "duration": "4997", "chip": "COM2"}
{"distance": "12.6427", "fei": "-27101", "rssi": "-60", "snr": "15", "calibration": "13215", "frequency": "2436000000", "sf": "7", "bw": "1600", "preamble-length": "8", "duration": "4998", "chip": "COM2"}
{"distance": "12.5751", "fei": "-27101", "rssi": "-60", "snr": "14", "calibration": "13215", "frequency": "2436000000", "sf": "7", "bw": "1600", "preamble-length": "8", "duration": "4998", "chip": "COM2"}
{"distance": "12.8906", "fei": "-27101", "rssi": "-60", "snr": "15", "calibration": "13215", "frequency": "2436000000", "sf": "7", "bw": "1600", "preamble-length": "8", "duration": "4997", "chip": "COM2"}
{"distance": "11.7863", "fei": "-27101", "rssi": "-60", "snr": "14", "calibration": "13215", "frequency": "2436000000", "sf": "7", "bw": "1600", "preamble-length": "8", "duration": "4999", "chip": "COM2"}
{"distance": "12.1469", "fei": "-27101", "rssi": "-60", "snr": "15", "calibration": "13215", "frequency": "2436000000", "sf": "7", "bw": "1600", "preamble-length": "8", "duration": "4998", "chip": "COM2"}
{"distance": "11.2680", "fei": "-27101", "rssi": "-60", "snr": "15", "calibration": "13215", "frequency": "2436000000", "sf": "7", "bw": "1600", "preamble-length": "8", "duration": "4997", "chip": "COM2"}
{"distance": "12.1243", "fei": "-27101", "rssi": "-60", "snr": "15", "calibration": "13215", "frequency": "2436000000", "sf": "7", "bw": "1600", "preamble-length": "8", "duration": "4998", "chip": "COM2"}
{"distance": "12.2821", "fei": "-27101", "rssi": "-60", "snr": "14", "calibration": "13215", "frequency": "2436000000", "sf": "7", "bw": "1600", "preamble-length": "8", "duration": "4998", "chip": "COM2"}
{"distance": "13.1385", "fei": "-27101", "rssi": "-60", "snr": "14", "calibration": "13215", "frequency": "2436000000", "sf": "7", "bw": "1600", "preamble-length": "8", "duration": "4998", "chip": "COM2"}
{"distance": "11.8765", "fei": "-27101", "rssi": "-60", "snr": "16", "calibration": "13215", "frequency": "2436000000", "sf": "7", "bw": "1600", "preamble-length": "8", "duration": "4997", "chip": "COM2"}
{"distance": "12.8906", "fei": "-27101", "rssi": "-60", "snr": "15", "calibration": "13215", "frequency": "2436000000", "sf": "7", "bw": "1600", "preamble-length": "8", "duration": "4998", "chip": "COM2"}
{"distance": "12.2370", "fei": "-27101", "rssi": "-60", "snr": "14", "calibration": "13215", "frequency": "2436000000", "sf": "7", "bw": "1600", "preamble-length": "8", "duration": "4998", "chip": "COM2"}
{"distance": "11.2905", "fei": "-27101", "rssi": "-60", "snr": "15", "calibration": "13215", "frequency": "2436000000", "sf": "7", "bw": "1600", "preamble-length": "8", "duration": "4998", "chip": "COM2"}
{"distance": "12.1018", "fei": "-27101", "rssi": "-60", "snr": "15", "calibration": "13215", "frequency": "2436000000", "sf": "7", "bw": "1600", "preamble-length": "8", "duration": "4998", "chip": "COM2"}
{"distance": "13.8596", "fei": "-26900", "rssi": "-60", "snr": "15", "calibration": "13215", "frequency": "2436000000", "sf": "7", "bw": "1600", "preamble-length": "8", "duration": "4998", "chip": "COM2"}
{"distance": "12.4624", "fei": "-27101", "rssi": "-60", "snr": "15", "calibration": "13215", "frequency": "2436000000", "sf": "7", "bw": "1600", "preamble-length": "8", "duration": "4998", "chip": "COM2"}
{"distance": "11.9441", "fei": "-27101", "rssi": "-60", "snr": "15", "calibration": "13215", "frequency": "2436000000", "sf": "7", "bw": "1600", "preamble-length": "8", "duration": "4997", "chip": "COM2"}
{"distance": "11.7863", "fei": "-27303", "rssi": "-60", "snr": "15", "calibration": "13215", "frequency": "2436000000", "sf": "7", "bw": "1600", "preamble-length": "8", "duration": "4998", "chip": "COM2"}
{"distance": "12.7328", "fei": "-27101", "rssi": "-60", "snr": "15", "calibration": "13215", "frequency": "2436000000", "sf": "7", "bw": "1600", "preamble-length": "8", "duration": "4999", "chip": "COM2"}
{"distance": "10.8849", "fei": "-27101", "rssi": "-60", "snr": "15", "calibration": "13215", "frequency": "2436000000", "sf": "7", "bw": "1600", "preamble-length": "8", "duration": "4998", "chip": "COM2"}
{"distance": "11.6736", "fei": "-27101", "rssi": "-60", "snr": "15", "calibration": "13215", "frequency": "2436000000", "sf": "7", "bw": "1600", "preamble-length": "8", "duration": "4997", "chip": "COM2"}
{"distance": "12.4173", "fei": "-27101", "rssi": "-60", "snr": "14", "calibration": "13215", "frequency": "2436000000", "sf": "7", "bw": "1600", "preamble-length": "8", "duration": "4997", "chip": "COM2"}
{"distance": "11.9891", "fei": "-27101", "rssi": "-60", "snr": "15", "calibration": "13215", "frequency": "2436000000", "sf": "7", "bw": "1600", "preamble-length": "8", "duration": "4998", "chip": "COM2"}
{"distance": "12.5976", "fei": "-27101", "rssi": "-61", "snr": "16", "calibration": "13215", "frequency": "2436000000", "sf": "7", "bw": "1600", "preamble-length": "8", "duration": "4998", "chip": "COM2"}
{"distance": "13.7920", "fei": "-27101", "rssi": "-60", "snr": "15", "calibration": "13215", "frequency": "2436000000", "sf": "7", "bw": "1600", "preamble-length": "8", "duration": "4998", "chip": "COM2"}
{"distance": "13.4765", "fei": "-27101", "rssi": "-60", "snr": "15", "calibration": "13215", "frequency": "2436000000", "sf": "7", "bw": "1600", "preamble-length": "8", "duration": "4998", "chip": "COM2"}
{"distance": "13.33", "fei": "-27101", "rssi": "-60", "snr": "14", "calibration": "13215", "frequency": "2436000000", "sf": "7", "bw": "1600", "preamble-length": "8", "duration": "4998", "chip": "COM2"}
{"distance": "12.2145", "fei": "-27101", "rssi": "-61", "snr": "14", "calibration": "13215", "frequency": "2436000000", "sf": "7", "bw": "1600", "preamble-length": "8", "duration": "4998", "chip": "COM2"}
{"distance": "12.3497", "fei": "-27101", "rssi": "-60", "snr": "15", "calibration": "13215", "frequency": "2436000000", "sf": "7", "bw": "1600", "preamble-length": "8", "duration": "4999", "chip": "COM2"}
{"distance": "12.7554", "fei": "-27101", "rssi": "-60", "snr": "14", "calibration": "13215", "frequency": "2436000000", "sf": "7", "bw": "1600", "preamble-length": "8", "duration": "4997", "chip": "COM2"}
{"distance": "12.8455", "fei": "-26900", "rssi": "-60", "snr": "15", "calibration": "13215", "frequency": "2436000000", "sf": "7", "bw": "1600", "preamble-length": "8", "duration": "4997", "chip": "COM2"}
{"distance": "13.2286", "fei": "-27101", "rssi": "-60", "snr": "15", "calibration": "13215", "frequency": "2436000000", "sf": "7", "bw": "1600", "preamble-length": "8", "duration": "4998", "chip": "COM2"}
{"distance": "12.6652", "fei": "-27101", "rssi": "-61", "snr": "14", "calibration": "13215", "frequency": "2436000000", "sf": "7", "bw": "1600", "preamble-length": "8", "duration": "4997", "chip": "COM2"}
{"distance": "10.3891", "fei": "-27101", "rssi": "-60", "snr": "14", "calibration": "13215", "frequency": "2436000000", "sf": "7", "bw": "1600", "preamble-length": "8", "duration": "4999", "chip": "COM2"}
{"distance": "13.3864", "fei": "-27101", "rssi": "-60", "snr": "15", "calibration": "13215", "frequency": "2436000000", "sf": "7", "bw": "1600", "preamble-length": "8", "duration": "4999", "chip": "COM2"}
{"distance": "11.8539", "fei": "-26900", "rssi": "-60", "snr": "14", "calibration": "13215", "frequency": "2436000000", "sf": "7", "bw": "1600", "preamble-length": "8", "duration": "5000", "chip": "COM2"}
{"distance": "11.5835", "fei": "-27101", "rssi": "-60", "snr": "14", "calibration": "13215", "frequency": "2436000000", "sf": "7", "bw": "1600", "preamble-length": "8", "duration": "4998", "chip": "COM2"}
{"distance": "12.342", "fei": "-27101", "rssi": "-60", "snr": "14", "calibration": "13215", "frequency": "2436000000", "sf": "7", "bw": "1600", "preamble-length": "8", "duration": "4999", "chip": "COM2"}
{"distance": "11.9666", "fei": "-27101", "rssi": "-60", "snr": "15", "calibration": "13215", "frequency": "2436000000", "sf": "7", "bw": "1600", "preamble-length": "8", "duration": "4998", "chip": "COM2"}
{"distance": "13.3413", "fei": "-27101", "rssi": "-60", "snr": "14", "calibration": "13215", "frequency": "2436000000", "sf": "7", "bw": "1600", "preamble-length": "8", "duration": "4998", "chip": "COM2"}
{"distance": "12.3497", "fei": "-27101", "rssi": "-60", "snr": "15", "calibration": "13215", "frequency": "2436000000", "sf": "7", "bw": "1600", "preamble-length": "8", "duration": "4998", "chip": "COM2"}
{"distance": "13.1385", "fei": "-27101", "rssi": "-61", "snr": "14", "calibration": "13215", "frequency": "2436000000", "sf": "7", "bw": "1600", "preamble-length": "8", "duration": "4997", "chip": "COM2"}
{"distance": "13.3188", "fei": "-26900", "rssi": "-60", "snr": "14", "calibration": "13215", "frequency": "2436000000", "sf": "7", "bw": "1600", "preamble-length": "8", "duration": "4998", "chip": "COM2"}
{"distance": "12.793", "fei": "-27101", "rssi": "-59", "snr": "15", "calibration": "13215", "frequency": "2436000000", "sf": "7", "bw": "1600", "preamble-length": "8", "duration": "4999", "chip": "COM2"}
{"distance": "13.483", "fei": "-27101", "rssi": "-60", "snr": "14", "calibration": "13215", "frequency": "2436000000", "sf": "7", "bw": "1600", "preamble-length": "8", "duration": "4998", "chip": "COM2"}
{"distance": "12.3046", "fei": "-27101", "rssi": "-60", "snr": "14", "calibration": "13215", "frequency": "2436000000", "sf": "7", "bw": "1600", "preamble-length": "8", "duration": "4998", "chip": "COM2"}
{"distance": "13.8146", "fei": "-27101", "rssi": "-60", "snr": "15", "calibration": "13215", "frequency": "2436000000", "sf": "7", "bw": "1600", "preamble-length": "8", "duration": "4998", "chip": "COM2"}
{"distance": "12.4173", "fei": "-27101", "rssi": "-60", "snr": "14", "calibration": "13215", "frequency": "2436000000", "sf": "7", "bw": "1600", "preamble-length": "8", "duration": "4999", "chip": "COM2"}
{"distance": "13.1610", "fei": "-27101", "rssi": "-60", "snr": "14", "calibration": "13215", "frequency": "2436000000", "sf": "7", "bw": "1600", "preamble-length": "8", "duration": "4997", "chip": "COM2"}
{"distance": "12.8455", "fei": "-27101", "rssi": "-60", "snr": "15", "calibration": "13215", "frequency": "2436000000", "sf": "7", "bw": "1600", "preamble-length": "8", "duration": "4998", "chip": "COM2"}
{"distance": "12.7103", "fei": "-27101", "rssi": "-60", "snr": "16", "calibration": "13215", "frequency": "2436000000", "sf": "7", "bw": "1600", "preamble-length": "8", "duration": "4997", "chip": "COM2"}
{"distance": "11.9666", "fei": "-27101", "rssi": "-60", "snr": "14", "calibration": "13215", "frequency": "2436000000", "sf": "7", "bw": "1600", "preamble-length": "8", "duration": "4998", "chip": "COM2"}
{"distance": "12.8230", "fei": "-27101", "rssi": "-60", "snr": "15", "calibration": "13215", "frequency": "2436000000", "sf": "7", "bw": "1600", "preamble-length": "8", "duration": "4998", "chip": "COM2"}
{"distance": "13.3864", "fei": "-27101", "rssi": "-60", "snr": "15", "calibration": "13215", "frequency": "2436000000", "sf": "7", "bw": "1600", "preamble-length": "8", "duration": "4998", "chip": "COM2"}
{"distance": "11.9215", "fei": "-27101", "rssi": "-60", "snr": "14", "calibration": "13215", "frequency": "2436000000", "sf": "7", "bw": "1600", "preamble-length": "8", "duration": "4998", "chip": "COM2"}
{"distance": "12.4399", "fei": "-27101", "rssi": "-60", "snr": "14", "calibration": "13215", "frequency": "2436000000", "sf": "7", "bw": "1600", "preamble-length": "8", "duration": "4997", "chip": "COM2"}
{"distance": "11.9891", "fei": "-27101", "rssi": "-60", "snr": "15", "calibration": "13215", "frequency": "2436000000", "sf": "7", "bw": "1600", "preamble-length": "8", "duration": "4998", "chip": "COM2"}
{"distance": "11.3807", "fei": "-27101", "rssi": "-60", "snr": "15", "calibration": "13215", "frequency": "2436000000", "sf": "7", "bw": "1600", "preamble-length": "8", "duration": "4998", "chip": "COM2"}
{"distance": "13.33", "fei": "-27101", "rssi": "-60", "snr": "15", "calibration": "13215", "frequency": "2436000000", "sf": "7", "bw": "1600", "preamble-length": "8", "duration": "4998", "chip": "COM2"}
{"distance": "12.4849", "fei": "-27303", "rssi": "-60", "snr": "15", "calibration": "13215", "frequency": "2436000000", "sf": "7", "bw": "1600", "preamble-length": "8", "duration": "4998", "chip": "COM2"}
{"distance": "13.33", "fei": "-27101", "rssi": "-60", "snr": "15", "calibration": "13215", "frequency": "2436000000", "sf": "7", "bw": "1600", "preamble-length": "8", "duration": "4998", "chip": "COM2"}
{"distance": "13.2962", "fei": "-27101", "rssi": "-61", "snr": "15", "calibration": "13215", "frequency": "2436000000", "sf": "7", "bw": "1600", "preamble-length": "8", "duration": "4997", "chip": "COM2"}
