{"distance": "4.339", "fei": "0", "rssi": "0", "snr": "0", "calibration": "13215", "frequency": "2450000000", "sf": "7", "bw": "1600", "preamble-length": "8", "duration": "5003", "chip": "COM1"}
{"distance": "3.8536", "fei": "27101", "rssi": "-52", "snr": "15", "calibration": "13215", "frequency": "2450000000", "sf": "7", "bw": "1600", "preamble-length": "8", "duration": "5002", "chip": "COM1"}
{"distance": "5.9044", "fei": "27101", "rssi": "-52", "snr": "15", "calibration": "13215", "frequency": "2450000000", "sf": "7", "bw": "1600", "preamble-length": "8", "duration": "5000", "chip": "COM1"}
{"distance": "4.2593", "fei": "27101", "rssi": "-52", "snr": "17", "calibration": "13215", "frequency": "2450000000", "sf": "7", "bw": "1600", "preamble-length": "8", "duration": "5001", "chip": "COM1"}
{"distance": "4.4170", "fei": "27101", "rssi": "-52", "snr": "15", "calibration": "13215", "frequency": "2450000000", "sf": "7", "bw": "1600", "preamble-length": "8", "duration": "5000", "chip": "COM1"}
{"distance": "4.6198", "fei": "27101", "rssi": "-52", "snr": "16", "calibration": "13215", "frequency": "2450000000", "sf": "7", "bw": "1600", "preamble-length": "8", "duration": "5002", "chip": "COM1"}
{"distance": "5.931", "fei": "27101", "rssi": "-52", "snr": "16", "calibration": "13215", "frequency": "2450000000", "sf": "7", "bw": "1600", "preamble-length": "8", "duration": "5001", "chip": "COM1"}
{"distance": "4.4396", "fei": "27101", "rssi": "-53", "snr": "15", "calibration": "13215", "frequency": "2450000000", "sf": "7", "bw": "1600", "preamble-length": "8", "duration": "5001", "chip": "COM1"}
{"distance": "2.7493", "fei": "27101", "rssi": "-52", "snr": "14", "calibration": "13215", "frequency": "2450000000", "sf": "7", "bw": "1600", "preamble-length": "8", "duration": "5001", "chip": "COM1"}
{"distance": "5.2959", "fei": "27101", "rssi": "-52", "snr": "15", "calibration": "13215", "frequency": "2450000000", "sf": "7", "bw": "1600", "preamble-length": "8", "duration": "5002", "chip": "COM1"}
{"distance": "2.8395", "fei": "27101", "rssi": "-52", "snr": "14", "calibration": "13215", "frequency": "2450000000", "sf": "7", "bw": "1600", "preamble-length": "8", "duration": "5002", "chip": "COM1"}
{"distance": "4.6424", "fei": "27101", "rssi": "-52", "snr": "15", "calibration": "13215", "frequency": "2450000000", "sf": "7", "bw": "1600", "preamble-length": "8", "duration": "5001", "chip": "COM1"}
{"distance": "5.1156", "fei": "27101", "rssi": "-52", "snr": "15", "calibration": "13215", "frequency": "2450000000", "sf": "7", "bw": "1600", "preamble-length": "8", "duration": "5001", "chip": "COM1"}
{"distance": "3.4480", "fei": "27101", "rssi": "-53", "snr": "14", "calibration": "13215", "frequency": "2450000000", "sf": "7", "bw": "1600", "preamble-length": "8", "duration": "5001", "chip": "COM1"}
{"distance": "5.3861", "fei": "27101", "rssi": "-52", "snr": "16", "calibration": "13215", "frequency": "2450000000", "sf": "7", "bw": "1600", "preamble-length": "8", "duration": "5002", "chip": "COM1"}
{"distance": "3.9212", "fei": "27101", "rssi": "-53", "snr": "14", "calibration": "13215", "frequency": "2450000000", "sf": "7", "bw": "1600", "preamble-length": "8", "duration": "5001", "chip": "COM1"}
{"distance": "4.3719", "fei": "27101", "rssi": "-53", "snr": "14", "calibration": "13215", "frequency": "2450000000", "sf": "7", "bw": "1600", "preamble-length": "8", "duration": "5001", "chip": "COM1"}
{"distance": "4.2142", "fei": "27101", "rssi": "-53", "snr": "15", "calibration": "13215", "frequency": "2450000000", "sf": "7", "bw": "1600", "preamble-length": "8", "duration": "5002", "chip": "COM1"}
{"distance": "3.4705", "fei": "27101", "rssi": "-53", "snr": "16", "calibration": "13215", "frequency": "2450000000", "sf": "7", "bw": "1600", "preamble-length": "8", "duration": "5001", "chip": "COM1"}
{"distance": "4.5297", "fei": "27101", "rssi": "-53", "snr": "15", "calibration": "13215", "frequency": "2450000000", "sf": "7", "bw": "1600", "preamble-length": "8", "duration": "5001", "chip": "COM1"}
{"distance": "2.7493", "fei": "27101", "rssi": "-52", "snr": "16", "calibration": "13215", "frequency": "2450000000", "sf": "7", "bw": "1600", "preamble-length": "8", "duration": "5001", "chip": "COM1"}
{"distance": "3.7860", "fei": "27101", "rssi": "-52", "snr": "16", "calibration": "13215", "frequency": "2450000000", "sf": "7", "bw": "1600", "preamble-length": "8", "duration": "5001", "chip": "COM1"}
{"distance": "3.9212", "fei": "27101", "rssi": "-52", "snr": "15", "calibration": "13215", "frequency": "2450000000", "sf": "7", "bw": "1600", "preamble-length": "8", "duration": "5001", "chip": "COM1"}
{"distance": "3.9438", "fei": "27101", "rssi": "-52", "snr": "15", "calibration": "13215", "frequency": "2450000000", "sf": "7", "bw": "1600", "preamble-length": "8", "duration": "5001", "chip": "COM1"}
{"distance": "3.8311", "fei": "27101", "rssi": "-52", "snr": "16", "calibration": "13215", "frequency": "2450000000", "sf": "7", "bw": "1600", "preamble-length": "8", "duration": "5001", "chip": "COM1"}
{"distance": "3.9212", "fei": "27101", "rssi": "-53", "snr": "15", "calibration": "13215", "frequency": "2450000000", "sf": "7", "bw": "1600", "preamble-length": "8", "duration": "5002", "chip": "COM1"}
{"distance": "4.7551", "fei": "27101", "rssi": "-53", "snr": "16", "calibration": "13215", "frequency": "2450000000", "sf": "7", "bw": "1600", "preamble-length": "8", "duration": "5002", "chip": "COM1"}
{"distance": "4.5522", "fei": "27101", "rssi": "-53", "snr": "16", "calibration": "13215", "frequency": "2450000000", "sf": "7", "bw": "1600", "preamble-length": "8", "duration": "5002", "chip": "COM1"}
{"distance": "6.5805", "fei": "27101", "rssi": "-52", "snr": "15", "calibration": "13215", "frequency": "2450000000", "sf": "7", "bw": "1600", "preamble-length": "8", "duration": "5001", "chip": "COM1"}
{"distance": "3.4705", "fei": "27101", "rssi": "-53", "snr": "14", "calibration": "13215", "frequency": "2450000000", "sf": "7", "bw": "1600", "preamble-length": "8", "duration": "5002", "chip": "COM1"}
{"distance": "5.3185", "fei": "27101", "rssi": "-53", "snr": "16", "calibration": "13215", "frequency": "2450000000", "sf": "7", "bw": "1600", "preamble-length": "8", "duration": "5001", "chip": "COM1"}
{"distance": "6.4678", "fei": "27101", "rssi": "-53", "snr": "16", "calibration": "13215", "frequency": "2450000000", "sf": "7", "bw": "1600", "preamble-length": "8", "duration": "5001", "chip": "COM1"}
{"distance": "5.8593", "fei": "27101", "rssi": "-52", "snr": "14", "calibration": "13215", "frequency": "2450000000", "sf": "7", "bw": "1600", "preamble-length": "8", "duration": "5001", "chip": "COM1"}
{"distance": "4.4170", "fei": "27101", "rssi": "-52", "snr": "16", "calibration": "13215", "frequency": "2450000000", "sf": "7", "bw": "1600", "preamble-length": "8", "duration": "5000", "chip": "COM1"}
{"distance": "4.4846", "fei": "27101", "rssi": "-53", "snr": "14", "calibration": "13215", "frequency": "2450000000", "sf": "7", "bw": "1600", "preamble-length": "8", "duration": "5000", "chip": "COM1"}
{"distance": "4.3269", "fei": "27101", "rssi": "-53", "snr": "16", "calibration": "13215", "frequency": "2450000000", "sf": "7", "bw": "1600", "preamble-length": "8", "duration": "5000", "chip": "COM1"}
{"distance": "4.8452", "fei": "27101", "rssi": "-53", "snr": "16", "calibration": "13215", "frequency": "2450000000", "sf": "7", "bw": "1600", "preamble-length": "8", "duration": "5001", "chip": "COM1"}
{"distance": "4.339", "fei": "27101", "rssi": "-50", "snr": "16", "calibration": "13215", "frequency": "2450000000", "sf": "7", "bw": "1600", "preamble-length": "8", "duration": "5001", "chip": "COM1"}
{"distance": "5.706", "fei": "26900", "rssi": "-49", "snr": "16", "calibration": "13215", "frequency": "2450000000", "sf": "7", "bw": "1600", "preamble-length": "8", "duration": "5001", "chip": "COM1"}
{"distance": "3.5832", "fei": "27101", "rssi": "-51", "snr": "15", "calibration": "13215", "frequency": "2450000000", "sf": "7", "bw": "1600", "preamble-length": "8", "duration": "5001", "chip": "COM1"}
{"distance": "4.1691", "fei": "27101", "rssi": "-52", "snr": "15", "calibration": "13215", "frequency": "2450000000", "sf": "7", "bw": "1600", "preamble-length": "8", "duration": "5001", "chip": "COM1"}
{"distance": "4.4846", "fei": "27101", "rssi": "-52", "snr": "15", "calibration": "13215", "frequency": "2450000000", "sf": "7", "bw": "1600", "preamble-length": "8", "duration": "5001", "chip": "COM1"}
{"distance": "4.790", "fei": "27101", "rssi": "-51", "snr": "15", "calibration": "13215", "frequency": "2450000000", "sf": "7", "bw": "1600", "preamble-length": "8", "duration": "5002", "chip": "COM1"}
{"distance": "3.6283", "fei": "27101", "rssi": "-53", "snr": "15", "calibration": "13215", "frequency": "2450000000", "sf": "7", "bw": "1600", "preamble-length": "8", "duration": "5000", "chip": "COM1"}
{"distance": "3.9663", "fei": "27101", "rssi": "-53", "snr": "17", "calibration": "13215", "frequency": "2450000000", "sf": "7", "bw": "1600", "preamble-length": "8", "duration": "5002", "chip": "COM1"}
{"distance": "4.9804", "fei": "27101", "rssi": "-52", "snr": "14", "calibration": "13215", "frequency": "2450000000", "sf": "7", "bw": "1600", "preamble-length": "8", "duration": "5001", "chip": "COM1"}
{"distance": "4.3719", "fei": "27101", "rssi": "-52", "snr": "15", "calibration": "13215", "frequency": "2450000000", "sf": "7", "bw": "1600", "preamble-length": "8", "duration": "5000", "chip": "COM1"}
{"distance": "3.8085", "fei": "27101", "rssi": "-52", "snr": "15", "calibration": "13215", "frequency": "2450000000", "sf": "7", "bw": "1600", "preamble-length": "8", "duration": "5001", "chip": "COM1"}
{"distance": "5.2959", "fei": "27101", "rssi": "-53", "snr": "16", "calibration": "13215", "frequency": "2450000000", "sf": "7", "bw": "1600", "preamble-length": "8", "duration": "5001", "chip": "COM1"}
{"distance": "4.3269", "fei": "27101", "rssi": "-52", "snr": "15", "calibration": "13215", "frequency": "2450000000", "sf": "7", "bw": "1600", "preamble-length": "8", "duration": "5002", "chip": "COM1"}
{"distance": "5.3635", "fei": "27101", "rssi": "-52", "snr": "15", "calibration": "13215", "frequency": "2450000000", "sf": "7", "bw": "1600", "preamble-length": "8", "duration": "5002", "chip": "COM1"}
{"distance": "4.5748", "fei": "27101", "rssi": "-52", "snr": "16", "calibration": "13215", "frequency": "2450000000", "sf": "7", "bw": "1600", "preamble-length": "8", "duration": "5001", "chip": "COM1"}
{"distance": "4.9804", "fei": "27101", "rssi": "-49", "snr": "15", "calibration": "13215", "frequency": "2450000000", "sf": "7", "bw": "1600", "preamble-length": "8", "duration": "5001", "chip": "COM1"}
{"distance": "4.8677", "fei": "27101", "rssi": "-49", "snr": "15", "calibration": "13215", "frequency": "2450000000", "sf": "7", "bw": "1600", "preamble-length": "8", "duration": "5001", "chip": "COM1"}
{"distance": "4.6424", "fei": "27101", "rssi": "-50", "snr": "16", "calibration": "13215", "frequency": "2450000000", "sf": "7", "bw": "1600", "preamble-length": "8", "duration": "5001", "chip": "COM1"}
{"distance": "3.3353", "fei": "27101", "rssi": "-50", "snr": "17", "calibration": "13215", "frequency": "2450000000", "sf": "7", "bw": "1600", "preamble-length": "8", "duration": "5001", "chip": "COM1"}
{"distance": "4.5973", "fei": "27101", "rssi": "-50", "snr": "14", "calibration": "13215", "frequency": "2450000000", "sf": "7", "bw": "1600", "preamble-length": "8", "duration": "5000", "chip": "COM1"}
{"distance": "4.8452", "fei": "27101", "rssi": "-50", "snr": "16", "calibration": "13215", "frequency": "2450000000", "sf": "7", "bw": "1600", "preamble-length": "8", "duration": "5001", "chip": "COM1"}
{"distance": "2.9747", "fei": "27101", "rssi": "-50", "snr": "16", "calibration": "13215", "frequency": "2450000000", "sf": "7", "bw": "1600", "preamble-length": "8", "duration": "5002", "chip": "COM1"}
{"distance": "4.7325", "fei": "27101", "rssi": "-50", "snr": "16", "calibration": "13215", "frequency": "2450000000", "sf": "7", "bw": "1600", "preamble-length": "8", "duration": "5001", "chip": "COM1"}
{"distance": "3.7184", "fei": "27101", "rssi": "-51", "snr": "15", "calibration": "13215", "frequency": "2450000000", "sf": "7", "bw": "1600", "preamble-length": "8", "duration": "5000", "chip": "COM1"}
{"distance": "4.8903", "fei": "27101", "rssi": "-51", "snr": "15", "calibration": "13215", "frequency": "2450000000", "sf": "7", "bw": "1600", "preamble-length": "8", "duration": "5001", "chip": "COM1"}
{"distance": "5.2283", "fei": "27101", "rssi": "-51", "snr": "15", "calibration": "13215", "frequency": "2450000000", "sf": "7", "bw": "1600", "preamble-length": "8", "duration": "5002", "chip": "COM1"}
{"distance": "5.7692", "fei": "27101", "rssi": "-51", "snr": "15", "calibration": "13215", "frequency": "2450000000", "sf": "7", "bw": "1600", "preamble-length": "8", "duration": "5001", "chip": "COM1"}
{"distance": "5.2283", "fei": "27101", "rssi": "-51", "snr": "15", "calibration": "13215", "frequency": "2450000000", "sf": "7", "bw": "1600", "preamble-length": "8", "duration": "5002", "chip": "COM1"}
{"distance": "4.5072", "fei": "27101", "rssi": "-51", "snr": "16", "calibration": "13215", "frequency": "2450000000", "sf": "7", "bw": "1600", "preamble-length": "8", "duration": "5001", "chip": "COM1"}
{"distance": "4.8452", "fei": "27101", "rssi": "-51", "snr": "16", "calibration": "13215", "frequency": "2450000000", "sf": "7", "bw": "1600", "preamble-length": "8", "duration": "5001", "chip": "COM1"}
{"distance": "5.8368", "fei": "27101", "rssi": "-51", "snr": "15", "calibration": "13215", "frequency": "2450000000", "sf": "7", "bw": "1600", "preamble-length": "8", "duration": "5000", "chip": "COM1"}
{"distance": "7.1439", "fei": "27101", "rssi": "-51", "snr": "15", "calibration": "13215", "frequency": "2450000000", "sf": "7", "bw": "1600", "preamble-length": "8", "duration": "5001", "chip": "COM1"}
{"distance": "4.8227", "fei": "27101", "rssi": "-51", "snr": "16", "calibration": "13215", "frequency": "2450000000", "sf": "7", "bw": "1600", "preamble-length": "8", "duration": "5002", "chip": "COM1"}
{"distance": "5.5889", "fei": "27101", "rssi": "-51", "snr": "14", "calibration": "13215", "frequency": "2450000000", "sf": "7", "bw": "1600", "preamble-length": "8", "duration": "5002", "chip": "COM1"}
{"distance": "7.6171", "fei": "27303", "rssi": "-51", "snr": "15", "calibration": "13215", "frequency": "2450000000", "sf": "7", "bw": "1600", "preamble-length": "8", "duration": "5001", "chip": "COM1"}
{"distance": "4.7551", "fei": "27101", "rssi": "-51", "snr": "14", "calibration": "13215", "frequency": "2450000000", "sf": "7", "bw": "1600", "preamble-length": "8", "duration": "5002", "chip": "COM1"}
{"distance": "5.3861", "fei": "27101", "rssi": "-51", "snr": "16", "calibration": "13215", "frequency": "2450000000", "sf": "7", "bw": "1600", "preamble-length": "8", "duration": "5002", "chip": "COM1"}
{"distance": "4.7325", "fei": "27101", "rssi": "-51", "snr": "17", "calibration": "13215", "frequency": "2450000000", "sf": "7", "bw": "1600", "preamble-length": "8", "duration": "5001", "chip": "COM1"}
{"distance": "3.4029", "fei": "27101", "rssi": "-51", "snr": "16", "calibration": "13215", "frequency": "2450000000", "sf": "7", "bw": "1600", "preamble-length": "8", "duration": "5001", "chip": "COM1"}
{"distance": "4.8452", "fei": "27101", "rssi": "-52", "snr": "14", "calibration": "13215", "frequency": "2450000000", "sf": "7", "bw": "1600", "preamble-length": "8", "duration": "5000", "chip": "COM1"}
{"distance": "4.8452", "fei": "27101", "rssi": "-52", "snr": "16", "calibration": "13215", "frequency": "2450000000", "sf": "7", "bw": "1600", "preamble-length": "8", "duration": "5002", "chip": "COM1"}
{"distance": "5.1382", "fei": "27101", "rssi": "-52", "snr": "15", "calibration": "13215", "frequency": "2450000000", "sf": "7", "bw": "1600", "preamble-length": "8", "duration": "5002", "chip": "COM1"}
{"distance": "5.3410", "fei": "27101", "rssi": "-52", "snr": "15", "calibration": "13215", "frequency": "2450000000", "sf": "7", "bw": "1600", "preamble-length": "8", "duration": "5002", "chip": "COM1"}
{"distance": "4.7100", "fei": "27101", "rssi": "-52", "snr": "17", "calibration": "13215", "frequency": "2450000000", "sf": "7", "bw": "1600", "preamble-length": "8", "duration": "5002", "chip": "COM1"}
{"distance": "4.3945", "fei": "27101", "rssi": "-52", "snr": "17", "calibration": "13215", "frequency": "2450000000", "sf": "7", "bw": "1600", "preamble-length": "8", "duration": "5003", "chip": "COM1"}
{"distance": "3.7409", "fei": "27101", "rssi": "-52", "snr": "16", "calibration": "13215", "frequency": "2450000000", "sf": "7", "bw": "1600", "preamble-length": "8", "duration": "5002", "chip": "COM1"}
{"distance": "4.5072", "fei": "27101", "rssi": "-52", "snr": "16", "calibration": "13215", "frequency": "2450000000", "sf": "7", "bw": "1600", "preamble-length": "8", "duration": "5002", "chip": "COM1"}
{"distance": "4.2142", "fei": "27101", "rssi": "-52", "snr": "15", "calibration": "13215", "frequency": "2450000000", "sf": "7", "bw": "1600", "preamble-length": "8", "duration": "5001", "chip": "COM1"}
{"distance": "4.2367", "fei": "27101", "rssi": "-52", "snr": "15", "calibration": "13215", "frequency": "2450000000", "sf": "7", "bw": "1600", "preamble-length": "8", "duration": "5001", "chip": "COM1"}
{"distance": "3.9888", "fei": "27101", "rssi": "-52", "snr": "16", "calibration": "13215", "frequency": "2450000000", "sf": "7", "bw": "1600", "preamble-length": "8", "duration": "5001", "chip": "COM1"}
{"distance": "4.7325", "fei": "27101", "rssi": "-52", "snr": "16", "calibration": "13215", "frequency": "2450000000", "sf": "7", "bw": "1600", "preamble-length": "8", "duration": "5002", "chip": "COM1"}
{"distance": "3.6057", "fei": "27101", "rssi": "-53", "snr": "16", "calibration": "13215", "frequency": "2450000000", "sf": "7", "bw": "1600", "preamble-length": "8", "duration": "5001", "chip": "COM1"}
{"distance": "4.1917", "fei": "27101", "rssi": "-54", "snr": "16", "calibration": "13215", "frequency": "2450000000", "sf": "7", "bw": "1600", "preamble-length": "8", "duration": "5001", "chip": "COM1"}
{"distance": "4.8677", "fei": "27101", "rssi": "-54", "snr": "15", "calibration": "13215", "frequency": "2450000000", "sf": "7", "bw": "1600", "preamble-length": "8", "duration": "5001", "chip": "COM1"}
{"distance": "5.3185", "fei": "27101", "rssi": "-54", "snr": "16", "calibration": "13215", "frequency": "2450000000", "sf": "7", "bw": "1600", "preamble-length": "8", "duration": "5001", "chip": "COM1"}
{"distance": "5.5664", "fei": "27101", "rssi": "-54", "snr": "15", "calibration": "13215", "frequency": "2450000000", "sf": "7", "bw": "1600", "preamble-length": "8", "duration": "5001", "chip": "COM1"}
{"distance": "3.8311", "fei": "27101", "rssi": "-55", "snr": "15", "calibration": "13215", "frequency": "2450000000", "sf": "7", "bw": "1600", "preamble-length": "8", "duration": "5001", "chip": "COM1"}
{"distance": "5.1156", "fei": "27303", "rssi": "-55", "snr": "14", "calibration": "13215", "frequency": "2450000000", "sf": "7", "bw": "1600", "preamble-length": "8", "duration": "5001", "chip": "COM1"}
{"distance": "4.8227", "fei": "27101", "rssi": "-55", "snr": "15", "calibration": "13215", "frequency": "2450000000", "sf": "7", "bw": "1600", "preamble-length": "8", "duration": "5001", "chip": "COM1"}
{"distance": "4.8227", "fei": "27101", "rssi": "-56", "snr": "16", "calibration": "13215", "frequency": "2450000000", "sf": "7", "bw": "1600", "preamble-length": "8", "duration": "5001", "chip": "COM1"}
{"distance": "6.3777", "fei": "27101", "rssi": "-56", "snr": "16", "calibration": "13215", "frequency": "2450000000", "sf": "7", "bw": "1600", "preamble-length": "8", "duration": "5001", "chip": "COM1"}
{"distance": "6.7157", "fei": "27101", "rssi": "-56", "snr": "15", "calibration": "13215", "frequency": "2450000000", "sf": "7", "bw": "1600", "preamble-length": "8", "duration": "5001", "chip": "COM1"}
{"distance": "6.4453", "fei": "27101", "rssi": "-56", "snr": "16", "calibration": "13215", "frequency": "2450000000", "sf": "7", "bw": "1600", "preamble-length": "8", "duration": "5001", "chip": "COM1"}
{"distance": "6.6932", "fei": "27101", "rssi": "-55", "snr": "15", "calibration": "13215", "frequency": "2402000000", "sf": "7", "bw": "1600", "preamble-length": "8", "duration": "4997", "chip": "COM1"}
{"distance": "7.4819", "fei": "26698", "rssi": "-67", "snr": "16", "calibration": "13215", "frequency": "2402000000", "sf": "7", "bw": "1600", "preamble-length": "8", "duration": "4997", "chip": "COM1"}
{"distance": "8.7439", "fei": "26698", "rssi": "-67", "snr": "15", "calibration": "13215", "frequency": "2402000000", "sf": "7", "bw": "1600", "preamble-length": "8", "duration": "4996", "chip": "COM1"}
{"distance": "8.2256", "fei": "26698", "rssi": "-67", "snr": "16", "calibration": "13215", "frequency": "2402000000", "sf": "7", "bw": "1600", "preamble-length": "8", "duration": "4997", "chip": "COM1"}
{"distance": "7.5495", "fei": "26698", "rssi": "-67", "snr": "16", "calibration": "13215", "frequency": "2402000000", "sf": "7", "bw": "1600", "preamble-length": "8", "duration": "4997", "chip": "COM1"}
{"distance": "8.228", "fei": "26698", "rssi": "-67", "snr": "15", "calibration": "13215", "frequency": "2402000000", "sf": "7", "bw": "1600", "preamble-length": "8", "duration": "4997", "chip": "COM1"}
{"distance": "8.7214", "fei": "26698", "rssi": "-67", "snr": "14", "calibration": "13215", "frequency": "2402000000", "sf": "7", "bw": "1600", "preamble-length": "8", "duration": "4998", "chip": "COM1"}
{"distance": "8.4059", "fei": "26497", "rssi": "-67", "snr": "13", "calibration": "13215", "frequency": "2402000000", "sf": "7", "bw": "1600", "preamble-length": "8", "duration": "4997", "chip": "COM1"}
{"distance": "8.7214", "fei": "26698", "rssi": "-67", "snr": "15", "calibration": "13215", "frequency": "2402000000", "sf": "7", "bw": "1600", "preamble-length": "8", "duration": "4997", "chip": "COM1"}
{"distance": "7.9777", "fei": "26698", "rssi": "-67", "snr": "14", "calibration": "13215", "frequency": "2402000000", "sf": "7", "bw": "1600", "preamble-length": "8", "duration": "4997", "chip": "COM1"}
{"distance": "8.7214", "fei": "26698", "rssi": "-67", "snr": "14", "calibration": "13215", "frequency": "2402000000", "sf": "7", "bw": "1600", "preamble-length": "8", "duration": "4997", "chip": "COM1"}
{"distance": "8.3", "fei": "26698", "rssi": "-67", "snr": "16", "calibration": "13215", "frequency": "2402000000", "sf": "7", "bw": "1600", "preamble-length": "8", "duration": "4997", "chip": "COM1"}
{"distance": "8.453", "fei": "26497", "rssi": "-66", "snr": "14", "calibration": "13215", "frequency": "2402000000", "sf": "7", "bw": "1600", "preamble-length": "8", "duration": "4997", "chip": "COM1"}
{"distance": "8.904", "fei": "26497", "rssi": "-67", "snr": "15", "calibration": "13215", "frequency": "2402000000", "sf": "7", "bw": "1600", "preamble-length": "8", "duration": "4997", "chip": "COM1"}
{"distance": "7.6847", "fei": "26698", "rssi": "-67", "snr": "16", "calibration": "13215", "frequency": "2402000000", "sf": "7", "bw": "1600", "preamble-length": "8", "duration": "4997", "chip": "COM1"}
{"distance": "7.4594", "fei": "26698", "rssi": "-67", "snr": "15", "calibration": "13215", "frequency": "2402000000", "sf": "7", "bw": "1600", "preamble-length": "8", "duration": "4997", "chip": "COM1"}
{"distance": "7.9552", "fei": "26698", "rssi": "-67", "snr": "15", "calibration": "13215", "frequency": "2402000000", "sf": "7", "bw": "1600", "preamble-length": "8", "duration": "4997", "chip": "COM1"}
{"distance": "9.1045", "fei": "26497", "rssi": "-67", "snr": "16", "calibration": "13215", "frequency": "2402000000", "sf": "7", "bw": "1600", "preamble-length": "8", "duration": "4998", "chip": "COM1"}
{"distance": "7.5270", "fei": "26497", "rssi": "-67", "snr": "15", "calibration": "13215", "frequency": "2402000000", "sf": "7", "bw": "1600", "preamble-length": "8", "duration": "4998", "chip": "COM1"}
{"distance": "10.9299", "fei": "26698", "rssi": "-67", "snr": "15", "calibration": "13215", "frequency": "2402000000", "sf": "7", "bw": "1600", "preamble-length": "8", "duration": "4997", "chip": "COM1"}
{"distance": "8.6313", "fei": "26497", "rssi": "-67", "snr": "14", "calibration": "13215", "frequency": "2402000000", "sf": "7", "bw": "1600", "preamble-length": "8", "duration": "4997", "chip": "COM1"}
{"distance": "8.5411", "fei": "26698", "rssi": "-67", "snr": "15", "calibration": "13215", "frequency": "2402000000", "sf": "7", "bw": "1600", "preamble-length": "8", "duration": "4998", "chip": "COM1"}
{"distance": "7.8425", "fei": "26698", "rssi": "-67", "snr": "15", "calibration": "13215", "frequency": "2402000000", "sf": "7", "bw": "1600", "preamble-length": "8", "duration": "4997", "chip": "COM1"}
{"distance": "8.8566", "fei": "26497", "rssi": "-67", "snr": "16", "calibration": "13215", "frequency": "2402000000", "sf": "7", "bw": "1600", "preamble-length": "8", "duration": "4997", "chip": "COM1"}
{"distance": "7.5045", "fei": "26698", "rssi": "-67", "snr": "15", "calibration": "13215", "frequency": "2402000000", "sf": "7", "bw": "1600", "preamble-length": "8", "duration": "4998", "chip": "COM1"}
{"distance": "8.2932", "fei": "26497", "rssi": "-67", "snr": "15", "calibration": "13215", "frequency": "2402000000", "sf": "7", "bw": "1600", "preamble-length": "8", "duration": "4997", "chip": "COM1"}
{"distance": "8.6087", "fei": "26698", "rssi": "-67", "snr": "16", "calibration": "13215", "frequency": "2402000000", "sf": "7", "bw": "1600", "preamble-length": "8", "duration": "4998", "chip": "COM1"}
{"distance": "9.8707", "fei": "26698", "rssi": "-67", "snr": "15", "calibration": "13215", "frequency": "2402000000", "sf": "7", "bw": "1600", "preamble-length": "8", "duration": "4997", "chip": "COM1"}
{"distance": "8.1355", "fei": "26698", "rssi": "-67", "snr": "15", "calibration": "13215", "frequency": "2402000000", "sf": "7", "bw": "1600", "preamble-length": "8", "duration": "4997", "chip": "COM1"}
{"distance": "7.4143", "fei": "26698", "rssi": "-67", "snr": "15", "calibration": "13215", "frequency": "2402000000", "sf": "7", "bw": "1600", "preamble-length": "8", "duration": "4997", "chip": "COM1"}
{"distance": "8.6087", "fei": "26698", "rssi": "-67", "snr": "15", "calibration": "13215", "frequency": "2402000000", "sf": "7", "bw": "1600", "preamble-length": "8", "duration": "4998", "chip": "COM1"}
{"distance": "9.594", "fei": "26698", "rssi": "-67", "snr": "15", "calibration": "13215", "frequency": "2402000000", "sf": "7", "bw": "1600", "preamble-length": "8", "duration": "4997", "chip": "COM1"}
{"distance": "6.7608", "fei": "26698", "rssi": "-67", "snr": "15", "calibration": "13215", "frequency": "2402000000", "sf": "7", "bw": "1600", "preamble-length": "8", "duration": "4997", "chip": "COM1"}
{"distance": "7.5270", "fei": "26698", "rssi": "-67", "snr": "15", "calibration": "13215", "frequency": "2402000000", "sf": "7", "bw": "1600", "preamble-length": "8", "duration": "4998", "chip": "COM1"}
{"distance": "7.8425", "fei": "26698", "rssi": "-67", "snr": "15", "calibration": "13215", "frequency": "2402000000", "sf": "7", "bw": "1600", "preamble-length": "8", "duration": "4997", "chip": "COM1"}
{"distance": "7.8650", "fei": "26497", "rssi": "-67", "snr": "15", "calibration": "13215", "frequency": "2402000000", "sf": "7", "bw": "1600", "preamble-length": "8", "duration": "4997", "chip": "COM1"}
{"distance": "8.679", "fei": "26698", "rssi": "-67", "snr": "16", "calibration": "13215", "frequency": "2402000000", "sf": "7", "bw": "1600", "preamble-length": "8", "duration": "4997", "chip": "COM1"}
{"distance": "8.3608", "fei": "26698", "rssi": "-67", "snr": "15", "calibration": "13215", "frequency": "2402000000", "sf": "7", "bw": "1600", "preamble-length": "8", "duration": "4998", "chip": "COM1"}
{"distance": "7.4819", "fei": "26698", "rssi": "-67", "snr": "15", "calibration": "13215", "frequency": "2402000000", "sf": "7", "bw": "1600", "preamble-length": "8", "duration": "4998", "chip": "COM1"}
{"distance": "8.3834", "fei": "26698", "rssi": "-67", "snr": "15", "calibration": "13215", "frequency": "2402000000", "sf": "7", "bw": "1600", "preamble-length": "8", "duration": "4996", "chip": "COM1"}
{"distance": "8.9918", "fei": "26497", "rssi": "-66", "snr": "14", "calibration": "13215", "frequency": "2402000000", "sf": "7", "bw": "1600", "preamble-length": "8", "duration": "4998", "chip": "COM1"}
{"distance": "8.1805", "fei": "26698", "rssi": "-67", "snr": "15", "calibration": "13215", "frequency": "2402000000", "sf": "7", "bw": "1600", "preamble-length": "8", "duration": "4997", "chip": "COM1"}
{"distance": "9.820", "fei": "26698", "rssi": "-67", "snr": "16", "calibration": "13215", "frequency": "2402000000", "sf": "7", "bw": "1600", "preamble-length": "8", "duration": "4997", "chip": "COM1"}
{"distance": "8.5862", "fei": "26698", "rssi": "-67", "snr": "16", "calibration": "13215", "frequency": "2402000000", "sf": "7", "bw": "1600", "preamble-length": "8", "duration": "4998", "chip": "COM1"}
{"distance": "9.4876", "fei": "26497", "rssi": "-67", "snr": "15", "calibration": "13215", "frequency": "2402000000", "sf": "7", "bw": "1600", "preamble-length": "8", "duration": "4997", "chip": "COM1"}
{"distance": "6.9411", "fei": "26698", "rssi": "-67", "snr": "15", "calibration": "13215", "frequency": "2402000000", "sf": "7", "bw": "1600", "preamble-length": "8", "duration": "4997", "chip": "COM1"}
{"distance": "8.5862", "fei": "26698", "rssi": "-68", "snr": "15", "calibration": "13215", "frequency": "2402000000", "sf": "7", "bw": "1600", "preamble-length": "8", "duration": "4997", "chip": "COM1"}
{"distance": "11.426", "fei": "26698", "rssi": "-67", "snr": "15", "calibration": "13215", "frequency": "2402000000", "sf": "7", "bw": "1600", "preamble-length": "8", "duration": "4997", "chip": "COM1"}
{"distance": "8.6313", "fei": "26698", "rssi": "-67", "snr": "15", "calibration": "13215", "frequency": "2402000000", "sf": "7", "bw": "1600", "preamble-length": "8", "duration": "4997", "chip": "COM1"}
{"distance": "8.4284", "fei": "26698", "rssi": "-67", "snr": "16", "calibration": "13215", "frequency": "2402000000", "sf": "7", "bw": "1600", "preamble-length": "8", "duration": "4997", "chip": "COM1"}
{"distance": "8.3383", "fei": "26698", "rssi": "-67", "snr": "15", "calibration": "13215", "frequency": "2402000000", "sf": "7", "bw": "1600", "preamble-length": "8", "duration": "4997", "chip": "COM1"}
{"distance": "8.4059", "fei": "26497", "rssi": "-67", "snr": "15", "calibration": "13215", "frequency": "2402000000", "sf": "7", "bw": "1600", "preamble-length": "8", "duration": "4997", "chip": "COM1"}
{"distance": "8.2481", "fei": "26698", "rssi": "-67", "snr": "16", "calibration": "13215", "frequency": "2402000000", "sf": "7", "bw": "1600", "preamble-length": "8", "duration": "4997", "chip": "COM1"}
{"distance": "8.7439", "fei": "26698", "rssi": "-67", "snr": "16", "calibration": "13215", "frequency": "2402000000", "sf": "7", "bw": "1600", "preamble-length": "8", "duration": "4997", "chip": "COM1"}
{"distance": "9.1721", "fei": "26698", "rssi": "-67", "snr": "15", "calibration": "13215", "frequency": "2402000000", "sf": "7", "bw": "1600", "preamble-length": "8", "duration": "4997", "chip": "COM1"}
{"distance": "8.7439", "fei": "26698", "rssi": "-67", "snr": "16", "calibration": "13215", "frequency": "2402000000", "sf": "7", "bw": "1600", "preamble-length": "8", "duration": "4997", "chip": "COM1"}
{"distance": "8.4510", "fei": "26497", "rssi": "-68", "snr": "14", "calibration": "13215", "frequency": "2402000000", "sf": "7", "bw": "1600", "preamble-length": "8", "duration": "4997", "chip": "COM1"}
{"distance": "9.820", "fei": "26698", "rssi": "-67", "snr": "15", "calibration": "13215", "frequency": "2402000000", "sf": "7", "bw": "1600", "preamble-length": "8", "duration": "4997", "chip": "COM1"}
{"distance": "8.9918", "fei": "26698", "rssi": "-67", "snr": "16", "calibration": "13215", "frequency": "2402000000", "sf": "7", "bw": "1600", "preamble-length": "8", "duration": "4997", "chip": "COM1"}
{"distance": "9.4651", "fei": "26698", "rssi": "-68", "snr": "15", "calibration": "13215", "frequency": "2402000000", "sf": "7", "bw": "1600", "preamble-length": "8", "duration": "4998", "chip": "COM1"}
{"distance": "8.5186", "fei": "26698", "rssi": "-67", "snr": "16", "calibration": "13215", "frequency": "2402000000", "sf": "7", "bw": "1600", "preamble-length": "8", "duration": "4996", "chip": "COM1"}
{"distance": "8.2932", "fei": "26698", "rssi": "-67", "snr": "16", "calibration": "13215", "frequency": "2402000000", "sf": "7", "bw": "1600", "preamble-length": "8", "duration": "4997", "chip": "COM1"}
{"distance": "9.144", "fei": "26698", "rssi": "-67", "snr": "16", "calibration": "13215", "frequency": "2402000000", "sf": "7", "bw": "1600", "preamble-length": "8", "duration": "4997", "chip": "COM1"}
{"distance": "7.9777", "fei": "26698", "rssi": "-65", "snr": "16", "calibration": "13215", "frequency": "2402000000", "sf": "7", "bw": "1600", "preamble-length": "8", "duration": "4997", "chip": "COM1"}
{"distance": "8.3608", "fei": "26497", "rssi": "-66", "snr": "16", "calibration": "13215", "frequency": "2402000000", "sf": "7", "bw": "1600", "preamble-length": "8", "duration": "4997", "chip": "COM1"}
{"distance": "7.7298", "fei": "26698", "rssi": "-67", "snr": "14", "calibration": "13215", "frequency": "2402000000", "sf": "7", "bw": "1600", "preamble-length": "8", "duration": "4997", "chip": "COM1"}
{"distance": "8.228", "fei": "26698", "rssi": "-67", "snr": "16", "calibration": "13215", "frequency": "2402000000", "sf": "7", "bw": "1600", "preamble-length": "8", "duration": "4997", "chip": "COM1"}
{"distance": "8.2932", "fei": "26698", "rssi": "-67", "snr": "16", "calibration": "13215", "frequency": "2402000000", "sf": "7", "bw": "1600", "preamble-length": "8", "duration": "4997", "chip": "COM1"}
{"distance": "7.7298", "fei": "26698", "rssi": "-67", "snr": "17", "calibration": "13215", "frequency": "2402000000", "sf": "7", "bw": "1600", "preamble-length": "8", "duration": "4996", "chip": "COM1"}
{"distance": "8.6989", "fei": "26698", "rssi": "-67", "snr": "16", "calibration": "13215", "frequency": "2402000000", "sf": "7", "bw": "1600", "preamble-length": "8", "duration": "4997", "chip": "COM1"}
{"distance": "8.6087", "fei": "26698", "rssi": "-67", "snr": "16", "calibration": "13215", "frequency": "2402000000", "sf": "7", "bw": "1600", "preamble-length": "8", "duration": "4998", "chip": "COM1"}
{"distance": "8.4960", "fei": "26698", "rssi": "-68", "snr": "16", "calibration": "13215", "frequency": "2402000000", "sf": "7", "bw": "1600", "preamble-length": "8", "duration": "4997", "chip": "COM1"}
{"distance": "8.9918", "fei": "26497", "rssi": "-67", "snr": "16", "calibration": "13215", "frequency": "2402000000", "sf": "7", "bw": "1600", "preamble-length": "8", "duration": "4997", "chip": "COM1"}
{"distance": "8.9693", "fei": "26698", "rssi": "-68", "snr": "16", "calibration": "13215", "frequency": "2402000000", "sf": "7", "bw": "1600", "preamble-length": "8", "duration": "4997", "chip": "COM1"}
{"distance": "9.4876", "fei": "26698", "rssi": "-68", "snr": "16", "calibration": "13215", "frequency": "2402000000", "sf": "7", "bw": "1600", "preamble-length": "8", "duration": "4998", "chip": "COM1"}
{"distance": "8.9468", "fei": "26698", "rssi": "-68", "snr": "15", "calibration": "13215", "frequency": "2402000000", "sf": "7", "bw": "1600", "preamble-length": "8", "duration": "4998", "chip": "COM1"}
{"distance": "10.1186", "fei": "26698", "rssi": "-68", "snr": "16", "calibration": "13215", "frequency": "2402000000", "sf": "7", "bw": "1600", "preamble-length": "8", "duration": "4997", "chip": "COM1"}
{"distance": "9.369", "fei": "26698", "rssi": "-68", "snr": "16", "calibration": "13215", "frequency": "2402000000", "sf": "7", "bw": "1600", "preamble-length": "8", "duration": "4997", "chip": "COM1"}
{"distance": "10.2313", "fei": "26698", "rssi": "-68", "snr": "16", "calibration": "13215", "frequency": "2402000000", "sf": "7", "bw": "1600", "preamble-length": "8", "duration": "4998", "chip": "COM1"}
{"distance": "9.7806", "fei": "26497", "rssi": "-66", "snr": "15", "calibration": "13215", "frequency": "2402000000", "sf": "7", "bw": "1600", "preamble-length": "8", "duration": "4997", "chip": "COM1"}
{"distance": "8.6087", "fei": "26698", "rssi": "-68", "snr": "16", "calibration": "13215", "frequency": "2402000000", "sf": "7", "bw": "1600", "preamble-length": "8", "duration": "4998", "chip": "COM1"}
{"distance": "10.285", "fei": "26698", "rssi": "-68", "snr": "16", "calibration": "13215", "frequency": "2402000000", "sf": "7", "bw": "1600", "preamble-length": "8", "duration": "4997", "chip": "COM1"}
{"distance": "9.5102", "fei": "26497", "rssi": "-68", "snr": "16", "calibration": "13215", "frequency": "2402000000", "sf": "7", "bw": "1600", "preamble-length": "8", "duration": "4998", "chip": "COM1"}
{"distance": "9.7130", "fei": "26698", "rssi": "-67", "snr": "16", "calibration": "13215", "frequency": "2402000000", "sf": "7", "bw": "1600", "preamble-length": "8", "duration": "4998", "chip": "COM1"}
{"distance": "8.3158", "fei": "26698", "rssi": "-66", "snr": "15", "calibration": "13215", "frequency": "2402000000", "sf": "7", "bw": "1600", "preamble-length": "8", "duration": "4997", "chip": "COM1"}
{"distance": "10.3215", "fei": "26698", "rssi": "-68", "snr": "16", "calibration": "13215", "frequency": "2402000000", "sf": "7", "bw": "1600", "preamble-length": "8", "duration": "4998", "chip": "COM1"}
{"distance": "9.5327", "fei": "26698", "rssi": "-68", "snr": "16", "calibration": "13215", "frequency": "2402000000", "sf": "7", "bw": "1600", "preamble-length": "8", "duration": "4997", "chip": "COM1"}
{"distance": "9.4651", "fei": "26698", "rssi": "-67", "snr": "16", "calibration": "13215", "frequency": "2402000000", "sf": "7", "bw": "1600", "preamble-length": "8", "duration": "4997", "chip": "COM1"}
{"distance": "9.4876", "fei": "26497", "rssi": "-67", "snr": "16", "calibration": "13215", "frequency": "2402000000", "sf": "7", "bw": "1600", "preamble-length": "8", "duration": "4998", "chip": "COM1"}
{"distance": "10.8398", "fei": "26698", "rssi": "-67", "snr": "16", "calibration": "13215", "frequency": "2402000000", "sf": "7", "bw": "1600", "preamble-length": "8", "duration": "4998", "chip": "COM1"}
{"distance": "10.3665", "fei": "26497", "rssi": "-67", "snr": "16", "calibration": "13215", "frequency": "2402000000", "sf": "7", "bw": "1600", "preamble-length": "8", "duration": "4997", "chip": "COM1"}
{"distance": "8.9468", "fei": "26698", "rssi": "-67", "snr": "16", "calibration": "13215", "frequency": "2402000000", "sf": "7", "bw": "1600", "preamble-length": "8", "duration": "4997", "chip": "COM1"}
{"distance": "9.9834", "fei": "26497", "rssi": "-67", "snr": "17", "calibration": "13215", "frequency": "2402000000", "sf": "7", "bw": "1600", "preamble-length": "8", "duration": "4997", "chip": "COM1"}
{"distance": "10.2088", "fei": "26497", "rssi": "-67", "snr": "16", "calibration": "13215", "frequency": "2402000000", "sf": "7", "bw": "1600", "preamble-length": "8", "duration": "4997", "chip": "COM1"}
{"distance": "8.4284", "fei": "26698", "rssi": "-67", "snr": "16", "calibration": "13215", "frequency": "2402000000", "sf": "7", "bw": "1600", "preamble-length": "8", "duration": "4997", "chip": "COM1"}
{"distance": "9.6905", "fei": "26698", "rssi": "-67", "snr": "16", "calibration": "13215", "frequency": "2402000000", "sf": "7", "bw": "1600", "preamble-length": "8", "duration": "4997", "chip": "COM1"}
{"distance": "8.3834", "fei": "26698", "rssi": "-67", "snr": "17", "calibration": "13215", "frequency": "2402000000", "sf": "7", "bw": "1600", "preamble-length": "8", "duration": "4997", "chip": "COM1"}
{"distance": "8.9918", "fei": "26698", "rssi": "-67", "snr": "16", "calibration": "13215", "frequency": "2402000000", "sf": "7", "bw": "1600", "preamble-length": "8", "duration": "4997", "chip": "COM1"}
{"distance": "9.8482", "fei": "26698", "rssi": "-67", "snr": "16", "calibration": "13215", "frequency": "2402000000", "sf": "7", "bw": "1600", "preamble-length": "8", "duration": "4997", "chip": "COM1"}
{"distance": "10.6144", "fei": "26698", "rssi": "-67", "snr": "16", "calibration": "13215", "frequency": "2402000000", "sf": "7", "bw": "1600", "preamble-length": "8", "duration": "4997", "chip": "COM1"}
{"distance": "9.1496", "fei": "26698", "rssi": "-67", "snr": "16", "calibration": "13215", "frequency": "2402000000", "sf": "7", "bw": "1600", "preamble-length": "8", "duration": "4997", "chip": "COM1"}
{"distance": "-1.1718", "fei": "26698", "rssi": "-67", "snr": "16", "calibration": "13215", "frequency": "2476000000", "sf": "7", "bw": "1600", "preamble-length": "8", "duration": "4999", "chip": "COM1"}
{"distance": "5.8593", "fei": "27504", "rssi": "-55", "snr": "16", "calibration": "13215", "frequency": "2476000000", "sf": "7", "bw": "1600", "preamble-length": "8", "duration": "5000", "chip": "COM1"}
{"distance": "6.396", "fei": "27504", "rssi": "-55", "snr": "16", "calibration": "13215", "frequency": "2476000000", "sf": "7", "bw": "1600", "preamble-length": "8", "duration": "4999", "chip": "COM1"}
{"distance": "5.8143", "fei": "27303", "rssi": "-56", "snr": "16", "calibration": "13215", "frequency": "2476000000", "sf": "7", "bw": "1600", "preamble-length": "8", "duration": "4999", "chip": "COM1"}
{"distance": "5.5889", "fei": "27504", "rssi": "-56", "snr": "15", "calibration": "13215", "frequency": "2476000000", "sf": "7", "bw": "1600", "preamble-length": "8", "duration": "4999", "chip": "COM1"}
{"distance": "6.1974", "fei": "27504", "rssi": "-56", "snr": "15", "calibration": "13215", "frequency": "2476000000", "sf": "7", "bw": "1600", "preamble-length": "8", "duration": "4999", "chip": "COM1"}
{"distance": "5.4987", "fei": "27504", "rssi": "-56", "snr": "15", "calibration": "13215", "frequency": "2476000000", "sf": "7", "bw": "1600", "preamble-length": "8", "duration": "4999", "chip": "COM1"}
{"distance": "4.4396", "fei": "27504", "rssi": "-55", "snr": "15", "calibration": "13215", "frequency": "2476000000", "sf": "7", "bw": "1600", "preamble-length": "8", "duration": "4998", "chip": "COM1"}
{"distance": "5.1382", "fei": "27504", "rssi": "-56", "snr": "16", "calibration": "13215", "frequency": "2476000000", "sf": "7", "bw": "1600", "preamble-length": "8", "duration": "4999", "chip": "COM1"}
{"distance": "5.9495", "fei": "27303", "rssi": "-56", "snr": "15", "calibration": "13215", "frequency": "2476000000", "sf": "7", "bw": "1600", "preamble-length": "8", "duration": "4998", "chip": "COM1"}
{"distance": "5.6114", "fei": "27504", "rssi": "-56", "snr": "16", "calibration": "13215", "frequency": "2476000000", "sf": "7", "bw": "1600", "preamble-length": "8", "duration": "4999", "chip": "COM1"}
{"distance": "6.4453", "fei": "27504", "rssi": "-56", "snr": "17", "calibration": "13215", "frequency": "2476000000", "sf": "7", "bw": "1600", "preamble-length": "8", "duration": "4999", "chip": "COM1"}
{"distance": "4.5297", "fei": "27504", "rssi": "-56", "snr": "16", "calibration": "13215", "frequency": "2476000000", "sf": "7", "bw": "1600", "preamble-length": "8", "duration": "4999", "chip": "COM1"}
{"distance": "5.2509", "fei": "27504", "rssi": "-55", "snr": "15", "calibration": "13215", "frequency": "2476000000", "sf": "7", "bw": "1600", "preamble-length": "8", "duration": "4999", "chip": "COM1"}
{"distance": "5.7241", "fei": "27504", "rssi": "-56", "snr": "16", "calibration": "13215", "frequency": "2476000000", "sf": "7", "bw": "1600", "preamble-length": "8", "duration": "4998", "chip": "COM1"}
{"distance": "3.1325", "fei": "27504", "rssi": "-56", "snr": "17", "calibration": "13215", "frequency": "2476000000", "sf": "7", "bw": "1600", "preamble-length": "8", "duration": "4999", "chip": "COM1"}
{"distance": "5.9269", "fei": "27504", "rssi": "-55", "snr": "16", "calibration": "13215", "frequency": "2476000000", "sf": "7", "bw": "1600", "preamble-length": "8", "duration": "4999", "chip": "COM1"}
{"distance": "5.9495", "fei": "27303", "rssi": "-56", "snr": "15", "calibration": "13215", "frequency": "2476000000", "sf": "7", "bw": "1600", "preamble-length": "8", "duration": "4998", "chip": "COM1"}
{"distance": "5.2058", "fei": "27504", "rssi": "-56", "snr": "14", "calibration": "13215", "frequency": "2476000000", "sf": "7", "bw": "1600", "preamble-length": "8", "duration": "4998", "chip": "COM1"}
{"distance": "4.8677", "fei": "27504", "rssi": "-56", "snr": "15", "calibration": "13215", "frequency": "2476000000", "sf": "7", "bw": "1600", "preamble-length": "8", "duration": "4999", "chip": "COM1"}
{"distance": "4.6198", "fei": "27504", "rssi": "-55", "snr": "16", "calibration": "13215", "frequency": "2476000000", "sf": "7", "bw": "1600", "preamble-length": "8", "duration": "4999", "chip": "COM1"}
{"distance": "6.396", "fei": "27504", "rssi": "-56", "snr": "16", "calibration": "13215", "frequency": "2476000000", "sf": "7", "bw": "1600", "preamble-length": "8", "duration": "4998", "chip": "COM1"}
{"distance": "3.5606", "fei": "27504", "rssi": "-55", "snr": "16", "calibration": "13215", "frequency": "2476000000", "sf": "7", "bw": "1600", "preamble-length": "8", "duration": "4998", "chip": "COM1"}
{"distance": "6.1748", "fei": "27504", "rssi": "-55", "snr": "16", "calibration": "13215", "frequency": "2476000000", "sf": "7", "bw": "1600", "preamble-length": "8", "duration": "4999", "chip": "COM1"}
{"distance": "4.9353", "fei": "27504", "rssi": "-55", "snr": "16", "calibration": "13215", "frequency": "2476000000", "sf": "7", "bw": "1600", "preamble-length": "8", "duration": "4999", "chip": "COM1"}
{"distance": "6.6481", "fei": "27504", "rssi": "-55", "snr": "16", "calibration": "13215", "frequency": "2476000000", "sf": "7", "bw": "1600", "preamble-length": "8", "duration": "4998", "chip": "COM1"}
{"distance": "5.4086", "fei": "27504", "rssi": "-56", "snr": "16", "calibration": "13215", "frequency": "2476000000", "sf": "7", "bw": "1600", "preamble-length": "8", "duration": "4999", "chip": "COM1"}
{"distance": "5.1607", "fei": "27504", "rssi": "-55", "snr": "14", "calibration": "13215", "frequency": "2476000000", "sf": "7", "bw": "1600", "preamble-length": "8", "duration": "5000", "chip": "COM1"}
{"distance": "6.621", "fei": "27504", "rssi": "-55", "snr": "16", "calibration": "13215", "frequency": "2476000000", "sf": "7", "bw": "1600", "preamble-length": "8", "duration": "4998", "chip": "COM1"}
{"distance": "3.6283", "fei": "27504", "rssi": "-55", "snr": "15", "calibration": "13215", "frequency": "2476000000", "sf": "7", "bw": "1600", "preamble-length": "8", "duration": "4998", "chip": "COM1"}
{"distance": "3.6283", "fei": "27303", "rssi": "-56", "snr": "16", "calibration": "13215", "frequency": "2476000000", "sf": "7", "bw": "1600", "preamble-length": "8", "duration": "4998", "chip": "COM1"}
{"distance": "3.3578", "fei": "27706", "rssi": "-56", "snr": "13", "calibration": "13215", "frequency": "2476000000", "sf": "7", "bw": "1600", "preamble-length": "8", "duration": "4999", "chip": "COM1"}
{"distance": "4.9353", "fei": "27504", "rssi": "-55", "snr": "16", "calibration": "13215", "frequency": "2476000000", "sf": "7", "bw": "1600", "preamble-length": "8", "duration": "4999", "chip": "COM1"}
{"distance": "5.480", "fei": "27504", "rssi": "-56", "snr": "15", "calibration": "13215", "frequency": "2476000000", "sf": "7", "bw": "1600", "preamble-length": "8", "duration": "4998", "chip": "COM1"}
{"distance": "4.1691", "fei": "27504", "rssi": "-55", "snr": "15", "calibration": "13215", "frequency": "2476000000", "sf": "7", "bw": "1600", "preamble-length": "8", "duration": "5000", "chip": "COM1"}
{"distance": "6.847", "fei": "27504", "rssi": "-55", "snr": "16", "calibration": "13215", "frequency": "2476000000", "sf": "7", "bw": "1600", "preamble-length": "8", "duration": "4998", "chip": "COM1"}
{"distance": "4.8903", "fei": "27504", "rssi": "-56", "snr": "14", "calibration": "13215", "frequency": "2476000000", "sf": "7", "bw": "1600", "preamble-length": "8", "duration": "4998", "chip": "COM1"}
{"distance": "5.8819", "fei": "27504", "rssi": "-56", "snr": "16", "calibration": "13215", "frequency": "2476000000", "sf": "7", "bw": "1600", "preamble-length": "8", "duration": "4999", "chip": "COM1"}
{"distance": "6.6932", "fei": "27504", "rssi": "-56", "snr": "15", "calibration": "13215", "frequency": "2476000000", "sf": "7", "bw": "1600", "preamble-length": "8", "duration": "4999", "chip": "COM1"}
{"distance": "4.9353", "fei": "27303", "rssi": "-56", "snr": "16", "calibration": "13215", "frequency": "2476000000", "sf": "7", "bw": "1600", "preamble-length": "8", "duration": "4998", "chip": "COM1"}
{"distance": "5.5664", "fei": "27504", "rssi": "-56", "snr": "15", "calibration": "13215", "frequency": "2476000000", "sf": "7", "bw": "1600", "preamble-length": "8", "duration": "4998", "chip": "COM1"}
{"distance": "6.1974", "fei": "27504", "rssi": "-55", "snr": "16", "calibration": "13215", "frequency": "2476000000", "sf": "7", "bw": "1600", "preamble-length": "8", "duration": "4999", "chip": "COM1"}
{"distance": "5.8143", "fei": "27504", "rssi": "-55", "snr": "14", "calibration": "13215", "frequency": "2476000000", "sf": "7", "bw": "1600", "preamble-length": "8", "duration": "4999", "chip": "COM1"}
{"distance": "5.4086", "fei": "27504", "rssi": "-55", "snr": "16", "calibration": "13215", "frequency": "2476000000", "sf": "7", "bw": "1600", "preamble-length": "8", "duration": "4998", "chip": "COM1"}
{"distance": "5.7466", "fei": "27504", "rssi": "-55", "snr": "15", "calibration": "13215", "frequency": "2476000000", "sf": "7", "bw": "1600", "preamble-length": "8", "duration": "4999", "chip": "COM1"}
{"distance": "5.8368", "fei": "27303", "rssi": "-55", "snr": "16", "calibration": "13215", "frequency": "2476000000", "sf": "7", "bw": "1600", "preamble-length": "8", "duration": "4999", "chip": "COM1"}
{"distance": "5.1382", "fei": "27504", "rssi": "-56", "snr": "16", "calibration": "13215", "frequency": "2476000000", "sf": "7", "bw": "1600", "preamble-length": "8", "duration": "4999", "chip": "COM1"}
{"distance": "4.9804", "fei": "27504", "rssi": "-56", "snr": "16", "calibration": "13215", "frequency": "2476000000", "sf": "7", "bw": "1600", "preamble-length": "8", "duration": "4998", "chip": "COM1"}
{"distance": "3.8311", "fei": "27504", "rssi": "-55", "snr": "15", "calibration": "13215", "frequency": "2476000000", "sf": "7", "bw": "1600", "preamble-length": "8", "duration": "4998", "chip": "COM1"}
{"distance": "5.9495", "fei": "27504", "rssi": "-56", "snr": "14", "calibration": "13215", "frequency": "2476000000", "sf": "7", "bw": "1600", "preamble-length": "8", "duration": "4998", "chip": "COM1"}
{"distance": "4.8227", "fei": "27706", "rssi": "-56", "snr": "15", "calibration": "13215", "frequency": "2476000000", "sf": "7", "bw": "1600", "preamble-length": "8", "duration": "4999", "chip": "COM1"}
{"distance": "5.706", "fei": "27504", "rssi": "-55", "snr": "15", "calibration": "13215", "frequency": "2476000000", "sf": "7", "bw": "1600", "preamble-length": "8", "duration": "4999", "chip": "COM1"}
{"distance": "5.3185", "fei": "27504", "rssi": "-55", "snr": "14", "calibration": "13215", "frequency": "2476000000", "sf": "7", "bw": "1600", "preamble-length": "8", "duration": "4998", "chip": "COM1"}
{"distance": "4.6424", "fei": "27504", "rssi": "-55", "snr": "16", "calibration": "13215", "frequency": "2476000000", "sf": "7", "bw": "1600", "preamble-length": "8", "duration": "4999", "chip": "COM1"}
{"distance": "4.9579", "fei": "27504", "rssi": "-56", "snr": "16", "calibration": "13215", "frequency": "2476000000", "sf": "7", "bw": "1600", "preamble-length": "8", "duration": "4999", "chip": "COM1"}
{"distance": "4.564", "fei": "27504", "rssi": "-56", "snr": "17", "calibration": "13215", "frequency": "2476000000", "sf": "7", "bw": "1600", "preamble-length": "8", "duration": "4998", "chip": "COM1"}
{"distance": "5.7241", "fei": "27504", "rssi": "-55", "snr": "16", "calibration": "13215", "frequency": "2476000000", "sf": "7", "bw": "1600", "preamble-length": "8", "duration": "4999", "chip": "COM1"}
{"distance": "4.3269", "fei": "27303", "rssi": "-55", "snr": "15", "calibration": "13215", "frequency": "2476000000", "sf": "7", "bw": "1600", "preamble-length": "8", "duration": "4999", "chip": "COM1"}
{"distance": "4.5973", "fei": "27504", "rssi": "-55", "snr": "15", "calibration": "13215", "frequency": "2476000000", "sf": "7", "bw": "1600", "preamble-length": "8", "duration": "4999", "chip": "COM1"}
{"distance": "6.3777", "fei": "27504", "rssi": "-56", "snr": "15", "calibration": "13215", "frequency": "2476000000", "sf": "7", "bw": "1600", "preamble-length": "8", "duration": "4998", "chip": "COM1"}
{"distance": "4.7325", "fei": "27504", "rssi": "-56", "snr": "16", "calibration": "13215", "frequency": "2476000000", "sf": "7", "bw": "1600", "preamble-length": "8", "duration": "4999", "chip": "COM1"}
{"distance": "1.8479", "fei": "27504", "rssi": "-55", "snr": "15", "calibration": "13215", "frequency": "2476000000", "sf": "7", "bw": "1600", "preamble-length": "8", "duration": "4999", "chip": "COM1"}
{"distance": "5.2509", "fei": "27504", "rssi": "-55", "snr": "15", "calibration": "13215", "frequency": "2476000000", "sf": "7", "bw": "1600", "preamble-length": "8", "duration": "4998", "chip": "COM1"}
{"distance": "4.1691", "fei": "27504", "rssi": "-55", "snr": "15", "calibration": "13215", "frequency": "2476000000", "sf": "7", "bw": "1600", "preamble-length": "8", "duration": "4999", "chip": "COM1"}
{"distance": "6.1748", "fei": "27303", "rssi": "-56", "snr": "15", "calibration": "13215", "frequency": "2476000000", "sf": "7", "bw": "1600", "preamble-length": "8", "duration": "4999", "chip": "COM1"}
{"distance": "7.2791", "fei": "27504", "rssi": "-56", "snr": "14", "calibration": "13215", "frequency": "2476000000", "sf": "7", "bw": "1600", "preamble-length": "8", "duration": "4999", "chip": "COM1"}
{"distance": "2.7944", "fei": "27504", "rssi": "-55", "snr": "16", "calibration": "13215", "frequency": "2476000000", "sf": "7", "bw": "1600", "preamble-length": "8", "duration": "4998", "chip": "COM1"}
{"distance": "4.1240", "fei": "27504", "rssi": "-56", "snr": "15", "calibration": "13215", "frequency": "2476000000", "sf": "7", "bw": "1600", "preamble-length": "8", "duration": "4998", "chip": "COM1"}
{"distance": "6.7157", "fei": "27504", "rssi": "-56", "snr": "15", "calibration": "13215", "frequency": "2476000000", "sf": "7", "bw": "1600", "preamble-length": "8", "duration": "4999", "chip": "COM1"}
{"distance": "6.4678", "fei": "27504", "rssi": "-56", "snr": "17", "calibration": "13215", "frequency": "2476000000", "sf": "7", "bw": "1600", "preamble-length": "8", "duration": "4999", "chip": "COM1"}
{"distance": "6.2424", "fei": "27504", "rssi": "-55", "snr": "16", "calibration": "13215", "frequency": "2476000000", "sf": "7", "bw": "1600", "preamble-length": "8", "duration": "4998", "chip": "COM1"}
{"distance": "4.5748", "fei": "27303", "rssi": "-56", "snr": "15", "calibration": "13215", "frequency": "2476000000", "sf": "7", "bw": "1600", "preamble-length": "8", "duration": "4999", "chip": "COM1"}
{"distance": "5.9945", "fei": "27504", "rssi": "-56", "snr": "16", "calibration": "13215", "frequency": "2476000000", "sf": "7", "bw": "1600", "preamble-length": "8", "duration": "4999", "chip": "COM1"}
{"distance": "3.5832", "fei": "27504", "rssi": "-55", "snr": "14", "calibration": "13215", "frequency": "2476000000", "sf": "7", "bw": "1600", "preamble-length": "8", "duration": "4998", "chip": "COM1"}
{"distance": "5.2283", "fei": "27504", "rssi": "-55", "snr": "16", "calibration": "13215", "frequency": "2476000000", "sf": "7", "bw": "1600", "preamble-length": "8", "duration": "4999", "chip": "COM1"}
{"distance": "4.5748", "fei": "27504", "rssi": "-56", "snr": "15", "calibration": "13215", "frequency": "2476000000", "sf": "7", "bw": "1600", "preamble-length": "8", "duration": "4998", "chip": "COM1"}
{"distance": "6.847", "fei": "27504", "rssi": "-55", "snr": "14", "calibration": "13215", "frequency": "2476000000", "sf": "7", "bw": "1600", "preamble-length": "8", "duration": "4999", "chip": "COM1"}
{"distance": "4.6424", "fei": "27504", "rssi": "-56", "snr": "15", "calibration": "13215", "frequency": "2476000000", "sf": "7", "bw": "1600", "preamble-length": "8", "duration": "4999", "chip": "COM1"}
{"distance": "4.3269", "fei": "27504", "rssi": "-56", "snr": "15", "calibration": "13215", "frequency": "2476000000", "sf": "7", "bw": "1600", "preamble-length": "8", "duration": "4999", "chip": "COM1"}
{"distance": "7.8425", "fei": "27504", "rssi": "-55", "snr": "14", "calibration": "13215", "frequency": "2476000000", "sf": "7", "bw": "1600", "preamble-length": "8", "duration": "4999", "chip": "COM1"}
{"distance": "6.847", "fei": "27504", "rssi": "-56", "snr": "17", "calibration": "13215", "frequency": "2476000000", "sf": "7", "bw": "1600", "preamble-length": "8", "duration": "4998", "chip": "COM1"}
{"distance": "3.5606", "fei": "27504", "rssi": "-56", "snr": "16", "calibration": "13215", "frequency": "2476000000", "sf": "7", "bw": "1600", "preamble-length": "8", "duration": "4999", "chip": "COM1"}
{"distance": "4.1466", "fei": "27504", "rssi": "-56", "snr": "15", "calibration": "13215", "frequency": "2476000000", "sf": "7", "bw": "1600", "preamble-length": "8", "duration": "4999", "chip": "COM1"}
{"distance": "5.3861", "fei": "27504", "rssi": "-55", "snr": "16", "calibration": "13215", "frequency": "2476000000", "sf": "7", "bw": "1600", "preamble-length": "8", "duration": "4999", "chip": "COM1"}
{"distance": "5.8368", "fei": "27504", "rssi": "-56", "snr": "15", "calibration": "13215", "frequency": "2476000000", "sf": "7", "bw": "1600", "preamble-length": "8", "duration": "5000", "chip": "COM1"}
{"distance": "4.6649", "fei": "27504", "rssi": "-56", "snr": "17", "calibration": "13215", "frequency": "2476000000", "sf": "7", "bw": "1600", "preamble-length": "8", "duration": "4998", "chip": "COM1"}
{"distance": "4.8677", "fei": "27504", "rssi": "-56", "snr": "16", "calibration": "13215", "frequency": "2476000000", "sf": "7", "bw": "1600", "preamble-length": "8", "duration": "4999", "chip": "COM1"}
{"distance": "6.1072", "fei": "27504", "rssi": "-56", "snr": "15", "calibration": "13215", "frequency": "2476000000", "sf": "7", "bw": "1600", "preamble-length": "8", "duration": "4998", "chip": "COM1"}
{"distance": "3.8085", "fei": "27504", "rssi": "-56", "snr": "16", "calibration": "13215", "frequency": "2476000000", "sf": "7", "bw": "1600", "preamble-length": "8", "duration": "4998", "chip": "COM1"}
{"distance": "6.1298", "fei": "27504", "rssi": "-55", "snr": "16", "calibration": "13215", "frequency": "2476000000", "sf": "7", "bw": "1600", "preamble-length": "8", "duration": "4999", "chip": "COM1"}
{"distance": "6.1523", "fei": "27504", "rssi": "-56", "snr": "17", "calibration": "13215", "frequency": "2476000000", "sf": "7", "bw": "1600", "preamble-length": "8", "duration": "4999", "chip": "COM1"}
{"distance": "6.4002", "fei": "27504", "rssi": "-56", "snr": "16", "calibration": "13215", "frequency": "2476000000", "sf": "7", "bw": "1600", "preamble-length": "8", "duration": "4999", "chip": "COM1"}
{"distance": "4.4846", "fei": "27504", "rssi": "-56", "snr": "15", "calibration": "13215", "frequency": "2476000000", "sf": "7", "bw": "1600", "preamble-length": "8", "duration": "4998", "chip": "COM1"}
{"distance": "5.6565", "fei": "27504", "rssi": "-56", "snr": "16", "calibration": "13215", "frequency": "2476000000", "sf": "7", "bw": "1600", "preamble-length": "8", "duration": "4998", "chip": "COM1"}
{"distance": "4.1466", "fei": "27504", "rssi": "-56", "snr": "16", "calibration": "13215", "frequency": "2476000000", "sf": "7", "bw": "1600", "preamble-length": "8", "duration": "4998", "chip": "COM1"}
{"distance": "4.5973", "fei": "27706", "rssi": "-55", "snr": "15", "calibration": "13215", "frequency": "2476000000", "sf": "7", "bw": "1600", "preamble-length": "8", "duration": "4998", "chip": "COM1"}
{"distance": "4.8677", "fei": "27504", "rssi": "-56", "snr": "14", "calibration": "13215", "frequency": "2476000000", "sf": "7", "bw": "1600", "preamble-length": "8", "duration": "4999", "chip": "COM1"}
{"distance": "4.5072", "fei": "27504", "rssi": "-55", "snr": "16", "calibration": "13215", "frequency": "2476000000", "sf": "7", "bw": "1600", "preamble-length": "8", "duration": "4998", "chip": "COM1"}
{"distance": "3.4480", "fei": "27706", "rssi": "-56", "snr": "15", "calibration": "13215", "frequency": "2476000000", "sf": "7", "bw": "1600", "preamble-length": "8", "duration": "4999", "chip": "COM1"}
{"distance": "4.1240", "fei": "27504", "rssi": "-56", "snr": "16", "calibration": "13215", "frequency": "2476000000", "sf": "7", "bw": "1600", "preamble-length": "8", "duration": "4999", "chip": "COM1"}
{"distance": "7.6397", "fei": "27504", "rssi": "-56", "snr": "16", "calibration": "13215", "frequency": "2436000000", "sf": "7", "bw": "1600", "preamble-length": "8", "duration": "4998", "chip": "COM1"}
{"distance": "7.6847", "fei": "26900", "rssi": "-60", "snr": "14", "calibration": "13215", "frequency": "2436000000", "sf": "7", "bw": "1600", "preamble-length": "8", "duration": "4998", "chip": "COM1"}
{"distance": "7.2340", "fei": "27101", "rssi": "-60", "snr": "15", "calibration": "13215", "frequency": "2436000000", "sf": "7", "bw": "1600", "preamble-length": "8", "duration": "4999", "chip": "COM1"}
{"distance": "7.4819", "fei": "26900", "rssi": "-60", "snr": "15", "calibration": "13215", "frequency": "2436000000", "sf": "7", "bw": "1600", "preamble-length": "8", "duration": "4998", "chip": "COM1"}
{"distance": "6.7608", "fei": "27101", "rssi": "-60", "snr": "15", "calibration": "13215", "frequency": "2436000000", "sf": "7", "bw": "1600", "preamble-length": "8", "duration": "4998", "chip": "COM1"}
{"distance": "8.5411", "fei": "27101", "rssi": "-60", "snr": "15", "calibration": "13215", "frequency": "2436000000", "sf": "7", "bw": "1600", "preamble-length": "8", "duration": "4998", "chip": "COM1"}
{"distance": "6.6256", "fei": "27101", "rssi": "-60", "snr": "15", "calibration": "13215", "frequency": "2436000000", "sf": "7", "bw": "1600", "preamble-length": "8", "duration": "4998", "chip": "COM1"}
{"distance": "6.1974", "fei": "26900", "rssi": "-60", "snr": "15", "calibration": "13215", "frequency": "2436000000", "sf": "7", "bw": "1600", "preamble-length": "8", "duration": "4999", "chip": "COM1"}
{"distance": "7.6622", "fei": "27101", "rssi": "-60", "snr": "15", "calibration": "13215", "frequency": "2436000000", "sf": "7", "bw": "1600", "preamble-length": "8", "duration": "4999", "chip": "COM1"}
{"distance": "8.6313", "fei": "27101", "rssi": "-60", "snr": "15", "calibration": "13215", "frequency": "2436000000", "sf": "7", "bw": "1600", "preamble-length": "8", "duration": "4998", "chip": "COM1"}
{"distance": "7.5270", "fei": "27101", "rssi": "-60", "snr": "15", "calibration": "13215", "frequency": "2436000000", "sf": "7", "bw": "1600", "preamble-length": "8", "duration": "4998", "chip": "COM1"}
{"distance": "7.8200", "fei": "27101", "rssi": "-60", "snr": "14", "calibration": "13215", "frequency": "2436000000", "sf": "7", "bw": "1600", "preamble-length": "8", "duration": "4998", "chip": "COM1"}
{"distance": "7.9326", "fei": "27101", "rssi": "-60", "snr": "15", "calibration": "13215", "frequency": "2436000000", "sf": "7", "bw": "1600", "preamble-length": "8", "duration": "4998", "chip": "COM1"}
{"distance": "7.5946", "fei": "27101", "rssi": "-60", "snr": "15", "calibration": "13215", "frequency": "2436000000", "sf": "7", "bw": "1600", "preamble-length": "8", "duration": "4999", "chip": "COM1"}
{"distance": "7.1890", "fei": "26900", "rssi": "-60", "snr": "15", "calibration": "13215", "frequency": "2436000000", "sf": "7", "bw": "1600", "preamble-length": "8", "duration": "4999", "chip": "COM1"}
{"distance": "7.4368", "fei": "26900", "rssi": "-60", "snr": "15", "calibration": "13215", "frequency": "2436000000", "sf": "7", "bw": "1600", "preamble-length": "8", "duration": "4998", "chip": "COM1"}
{"distance": "7.2115", "fei": "27101", "rssi": "-60", "snr": "15", "calibration": "13215", "frequency": "2436000000", "sf": "7", "bw": "1600", "preamble-length": "8", "duration": "4998", "chip": "COM1"}
{"distance": "7.7974", "fei": "27101", "rssi": "-60", "snr": "15", "calibration": "13215", "frequency": "2436000000", "sf": "7", "bw": "1600", "preamble-length": "8", "duration": "4999", "chip": "COM1"}
{"distance": "7.87", "fei": "27101", "rssi": "-60", "snr": "15", "calibration": "13215", "frequency": "2436000000", "sf": "7", "bw": "1600", "preamble-length": "8", "duration": "4998", "chip": "COM1"}
{"distance": "7.8200", "fei": "26900", "rssi": "-60", "snr": "15", "calibration": "13215", "frequency": "2436000000", "sf": "7", "bw": "1600", "preamble-length": "8", "duration": "4998", "chip": "COM1"}
{"distance": "8.5637", "fei": "27101", "rssi": "-60", "snr": "15", "calibration": "13215", "frequency": "2436000000", "sf": "7", "bw": "1600", "preamble-length": "8", "duration": "4999", "chip": "COM1"}
{"distance": "7.3016", "fei": "27101", "rssi": "-60", "snr": "14", "calibration": "13215", "frequency": "2436000000", "sf": "7", "bw": "1600", "preamble-length": "8", "duration": "4998", "chip": "COM1"}
{"distance": "6.5805", "fei": "27101", "rssi": "-60", "snr": "15", "calibration": "13215", "frequency": "2436000000", "sf": "7", "bw": "1600", "preamble-length": "8", "duration": "4998", "chip": "COM1"}
{"distance": "6.8284", "fei": "26900", "rssi": "-60", "snr": "15", "calibration": "13215", "frequency": "2436000000", "sf": "7", "bw": "1600", "preamble-length": "8", "duration": "4998", "chip": "COM1"}
{"distance": "7.5270", "fei": "27101", "rssi": "-60", "snr": "16", "calibration": "13215", "frequency": "2436000000", "sf": "7", "bw": "1600", "preamble-length": "8", "duration": "4998", "chip": "COM1"}
{"distance": "7.3467", "fei": "27101", "rssi": "-60", "snr": "15", "calibration": "13215", "frequency": "2436000000", "sf": "7", "bw": "1600", "preamble-length": "8", "duration": "4999", "chip": "COM1"}
{"distance": "7.312", "fei": "27101", "rssi": "-61", "snr": "15", "calibration": "13215", "frequency": "2436000000", "sf": "7", "bw": "1600", "preamble-length": "8", "duration": "4998", "chip": "COM1"}
{"distance": "8.228", "fei": "27101", "rssi": "-59", "snr": "16", "calibration": "13215", "frequency": "2436000000", "sf": "7", "bw": "1600", "preamble-length": "8", "duration": "4999", "chip": "COM1"}
{"distance": "7.5721", "fei": "27101", "rssi": "-60", "snr": "15", "calibration": "13215", "frequency": "2436000000", "sf": "7", "bw": "1600", "preamble-length": "8", "duration": "4999", "chip": "COM1"}
{"distance": "8.2707", "fei": "27101", "rssi": "-60", "snr": "15", "calibration": "13215", "frequency": "2436000000", "sf": "7", "bw": "1600", "preamble-length": "8", "duration": "4999", "chip": "COM1"}
{"distance": "6.8058", "fei": "27101", "rssi": "-60", "snr": "15", "calibration": "13215", "frequency": "2436000000", "sf": "7", "bw": "1600", "preamble-length": "8", "duration": "4998", "chip": "COM1"}
{"distance": "6.5805", "fei": "27101", "rssi": "-60", "snr": "14", "calibration": "13215", "frequency": "2436000000", "sf": "7", "bw": "1600", "preamble-length": "8", "duration": "4998", "chip": "COM1"}
{"distance": "7.9326", "fei": "27101", "rssi": "-60", "snr": "14", "calibration": "13215", "frequency": "2436000000", "sf": "7", "bw": "1600", "preamble-length": "8", "duration": "4998", "chip": "COM1"}
{"distance": "7.7749", "fei": "27101", "rssi": "-60", "snr": "15", "calibration": "13215", "frequency": "2436000000", "sf": "7", "bw": "1600", "preamble-length": "8", "duration": "4998", "chip": "COM1"}
{"distance": "7.6847", "fei": "27101", "rssi": "-60", "snr": "15", "calibration": "13215", "frequency": "2436000000", "sf": "7", "bw": "1600", "preamble-length": "8", "duration": "4997", "chip": "COM1"}
{"distance": "7.9777", "fei": "26900", "rssi": "-60", "snr": "15", "calibration": "13215", "frequency": "2436000000", "sf": "7", "bw": "1600", "preamble-length": "8", "duration": "4998", "chip": "COM1"}
{"distance": "7.2791", "fei": "27101", "rssi": "-60", "snr": "15", "calibration": "13215", "frequency": "2436000000", "sf": "7", "bw": "1600", "preamble-length": "8", "duration": "4998", "chip": "COM1"}
{"distance": "7.6171", "fei": "27101", "rssi": "-59", "snr": "15", "calibration": "13215", "frequency": "2436000000", "sf": "7", "bw": "1600", "preamble-length": "8", "duration": "4998", "chip": "COM1"}
{"distance": "6.5129", "fei": "26900", "rssi": "-60", "snr": "15", "calibration": "13215", "frequency": "2436000000", "sf": "7", "bw": "1600", "preamble-length": "8", "duration": "4998", "chip": "COM1"}
{"distance": "7.7298", "fei": "27101", "rssi": "-60", "snr": "15", "calibration": "13215", "frequency": "2436000000", "sf": "7", "bw": "1600", "preamble-length": "8", "duration": "4998", "chip": "COM1"}
{"distance": "7.1664", "fei": "27101", "rssi": "-60", "snr": "15", "calibration": "13215", "frequency": "2436000000", "sf": "7", "bw": "1600", "preamble-length": "8", "duration": "4999", "chip": "COM1"}
{"distance": "6.6256", "fei": "27101", "rssi": "-60", "snr": "15", "calibration": "13215", "frequency": "2436000000", "sf": "7", "bw": "1600", "preamble-length": "8", "duration": "4999", "chip": "COM1"}
{"distance": "6.8960", "fei": "26900", "rssi": "-60", "snr": "15", "calibration": "13215", "frequency": "2436000000", "sf": "7", "bw": "1600", "preamble-length": "8", "duration": "4998", "chip": "COM1"}
{"distance": "7.3016", "fei": "27101", "rssi": "-60", "snr": "15", "calibration": "13215", "frequency": "2436000000", "sf": "7", "bw": "1600", "preamble-length": "8", "duration": "4998", "chip": "COM1"}
{"distance": "6.6706", "fei": "27101", "rssi": "-60", "snr": "15", "calibration": "13215", "frequency": "2436000000", "sf": "7", "bw": "1600", "preamble-length": "8", "duration": "4999", "chip": "COM1"}
{"distance": "7.5721", "fei": "26900", "rssi": "-60", "snr": "15", "calibration": "13215", "frequency": "2436000000", "sf": "7", "bw": "1600", "preamble-length": "8", "duration": "4998", "chip": "COM1"}
{"distance": "8.1580", "fei": "27101", "rssi": "-60", "snr": "14", "calibration": "13215", "frequency": "2436000000", "sf": "7", "bw": "1600", "preamble-length": "8", "duration": "4999", "chip": "COM1"}
{"distance": "6.9636", "fei": "26900", "rssi": "-60", "snr": "15", "calibration": "13215", "frequency": "2436000000", "sf": "7", "bw": "1600", "preamble-length": "8", "duration": "4999", "chip": "COM1"}
{"distance": "7.8200", "fei": "27101", "rssi": "-60", "snr": "14", "calibration": "13215", "frequency": "2436000000", "sf": "7", "bw": "1600", "preamble-length": "8", "duration": "4998", "chip": "COM1"}
{"distance": "7.3692", "fei": "27101", "rssi": "-60", "snr": "15", "calibration": "13215", "frequency": "2436000000", "sf": "7", "bw": "1600", "preamble-length": "8", "duration": "4999", "chip": "COM1"}
{"distance": "6.7382", "fei": "26900", "rssi": "-59", "snr": "15", "calibration": "13215", "frequency": "2436000000", "sf": "7", "bw": "1600", "preamble-length": "8", "duration": "4998", "chip": "COM1"}
{"distance": "8.9017", "fei": "27101", "rssi": "-60", "snr": "15", "calibration": "13215", "frequency": "2436000000", "sf": "7", "bw": "1600", "preamble-length": "8", "duration": "4998", "chip": "COM1"}
{"distance": "6.8734", "fei": "27101", "rssi": "-60", "snr": "15", "calibration": "13215", "frequency": "2436000000", "sf": "7", "bw": "1600", "preamble-length": "8", "duration": "4998", "chip": "COM1"}
{"distance": "7.8200", "fei": "27101", "rssi": "-60", "snr": "15", "calibration": "13215", "frequency": "2436000000", "sf": "7", "bw": "1600", "preamble-length": "8", "duration": "4998", "chip": "COM1"}
{"distance": "5.7692", "fei": "27101", "rssi": "-60", "snr": "15", "calibration": "13215", "frequency": "2436000000", "sf": "7", "bw": "1600", "preamble-length": "8", "duration": "4997", "chip": "COM1"}
{"distance": "8.1355", "fei": "26900", "rssi": "-60", "snr": "15", "calibration": "13215", "frequency": "2436000000", "sf": "7", "bw": "1600", "preamble-length": "8", "duration": "4998", "chip": "COM1"}
{"distance": "7.7298", "fei": "27101", "rssi": "-60", "snr": "15", "calibration": "13215", "frequency": "2436000000", "sf": "7", "bw": "1600", "preamble-length": "8", "duration": "4998", "chip": "COM1"}
{"distance": "8.8566", "fei": "27101", "rssi": "-60", "snr": "15", "calibration": "13215", "frequency": "2436000000", "sf": "7", "bw": "1600", "preamble-length": "8", "duration": "4998", "chip": "COM1"}
{"distance": "6.6030", "fei": "26900", "rssi": "-60", "snr": "15", "calibration": "13215", "frequency": "2436000000", "sf": "7", "bw": "1600", "preamble-length": "8", "duration": "4999", "chip": "COM1"}
{"distance": "8.228", "fei": "26900", "rssi": "-60", "snr": "15", "calibration": "13215", "frequency": "2436000000", "sf": "7", "bw": "1600", "preamble-length": "8", "duration": "4999", "chip": "COM1"}
{"distance": "6.4903", "fei": "27101", "rssi": "-60", "snr": "15", "calibration": "13215", "frequency": "2436000000", "sf": "7", "bw": "1600", "preamble-length": "8", "duration": "4998", "chip": "COM1"}
{"distance": "8.4735", "fei": "26900", "rssi": "-60", "snr": "15", "calibration": "13215", "frequency": "2436000000", "sf": "7", "bw": "1600", "preamble-length": "8", "duration": "4999", "chip": "COM1"}
{"distance": "6.4903", "fei": "27101", "rssi": "-59", "snr": "16", "calibration": "13215", "frequency": "2436000000", "sf": "7", "bw": "1600", "preamble-length": "8", "duration": "4999", "chip": "COM1"}
{"distance": "7.2340", "fei": "27101", "rssi": "-60", "snr": "15", "calibration": "13215", "frequency": "2436000000", "sf": "7", "bw": "1600", "preamble-length": "8", "duration": "4998", "chip": "COM1"}
{"distance": "6.9411", "fei": "27101", "rssi": "-60", "snr": "15", "calibration": "13215", "frequency": "2436000000", "sf": "7", "bw": "1600", "preamble-length": "8", "duration": "4997", "chip": "COM1"}
{"distance": "7.1213", "fei": "26900", "rssi": "-61", "snr": "16", "calibration": "13215", "frequency": "2436000000", "sf": "7", "bw": "1600", "preamble-length": "8", "duration": "4998", "chip": "COM1"}
{"distance": "7.763", "fei": "27101", "rssi": "-60", "snr": "15", "calibration": "13215", "frequency": "2436000000", "sf": "7", "bw": "1600", "preamble-length": "8", "duration": "4999", "chip": "COM1"}
{"distance": "7.3016", "fei": "26900", "rssi": "-59", "snr": "15", "calibration": "13215", "frequency": "2436000000", "sf": "7", "bw": "1600", "preamble-length": "8", "duration": "4999", "chip": "COM1"}
{"distance": "7.5946", "fei": "26900", "rssi": "-60", "snr": "15", "calibration": "13215", "frequency": "2436000000", "sf": "7", "bw": "1600", "preamble-length": "8", "duration": "4998", "chip": "COM1"}
{"distance": "6.5354", "fei": "26900", "rssi": "-60", "snr": "15", "calibration": "13215", "frequency": "2436000000", "sf": "7", "bw": "1600", "preamble-length": "8", "duration": "4998", "chip": "COM1"}
{"distance": "8.228", "fei": "27101", "rssi": "-60", "snr": "15", "calibration": "13215", "frequency": "2436000000", "sf": "7", "bw": "1600", "preamble-length": "8", "duration": "4998", "chip": "COM1"}
{"distance": "7.2791", "fei": "27101", "rssi": "-60", "snr": "14", "calibration": "13215", "frequency": "2436000000", "sf": "7", "bw": "1600", "preamble-length": "8", "duration": "4997", "chip": "COM1"}
{"distance": "7.4143", "fei": "26900", "rssi": "-60", "snr": "15", "calibration": "13215", "frequency": "2436000000", "sf": "7", "bw": "1600", "preamble-length": "8", "duration": "4999", "chip": "COM1"}
{"distance": "7.7974", "fei": "27101", "rssi": "-60", "snr": "14", "calibration": "13215", "frequency": "2436000000", "sf": "7", "bw": "1600", "preamble-length": "8", "duration": "4999", "chip": "COM1"}
{"distance": "7.5946", "fei": "27101", "rssi": "-60", "snr": "15", "calibration": "13215", "frequency": "2436000000", "sf": "7", "bw": "1600", "preamble-length": "8", "duration": "4997", "chip": "COM1"}
{"distance": "6.9636", "fei": "27101", "rssi": "-60", "snr": "15", "calibration": "13215", "frequency": "2436000000", "sf": "7", "bw": "1600", "preamble-length": "8", "duration": "4998", "chip": "COM1"}
{"distance": "8.3608", "fei": "26900", "rssi": "-60", "snr": "16", "calibration": "13215", "frequency": "2436000000", "sf": "7", "bw": "1600", "preamble-length": "8", "duration": "4998", "chip": "COM1"}
{"distance": "7.2566", "fei": "26900", "rssi": "-60", "snr": "15", "calibration": "13215", "frequency": "2436000000", "sf": "7", "bw": "1600", "preamble-length": "8", "duration": "4998", "chip": "COM1"}
{"distance": "7.4819", "fei": "26900", "rssi": "-60", "snr": "15", "calibration": "13215", "frequency": "2436000000", "sf": "7", "bw": "1600", "preamble-length": "8", "duration": "4999", "chip": "COM1"}
{"distance": "7.8650", "fei": "27101", "rssi": "-60", "snr": "15", "calibration": "13215", "frequency": "2436000000", "sf": "7", "bw": "1600", "preamble-length": "8", "duration": "4998", "chip": "COM1"}
{"distance": "7.1890", "fei": "27101", "rssi": "-60", "snr": "16", "calibration": "13215", "frequency": "2436000000", "sf": "7", "bw": "1600", "preamble-length": "8", "duration": "4999", "chip": "COM1"}
{"distance": "9.9609", "fei": "27101", "rssi": "-69", "snr": "10", "calibration": "13215", "frequency": "2436000000", "sf": "7", "bw": "1600", "preamble-length": "8", "duration": "4999", "chip": "COM1"}
{"distance": "8.4510", "fei": "27101", "rssi": "-59", "snr": "16", "calibration": "13215", "frequency": "2436000000", "sf": "7", "bw": "1600", "preamble-length": "8", "duration": "4998", "chip": "COM1"}
{"distance": "7.8876", "fei": "27101", "rssi": "-60", "snr": "14", "calibration": "13215", "frequency": "2436000000", "sf": "7", "bw": "1600", "preamble-length": "8", "duration": "4998", "chip": "COM1"}
{"distance": "7.87", "fei": "26900", "rssi": "-60", "snr": "15", "calibration": "13215", "frequency": "2436000000", "sf": "7", "bw": "1600", "preamble-length": "8", "duration": "4999", "chip": "COM1"}
{"distance": "7.6847", "fei": "27101", "rssi": "-61", "snr": "15", "calibration": "13215", "frequency": "2436000000", "sf": "7", "bw": "1600", "preamble-length": "8", "duration": "4999", "chip": "COM1"}
{"distance": "6.8284", "fei": "27101", "rssi": "-60", "snr": "15", "calibration": "13215", "frequency": "2436000000", "sf": "7", "bw": "1600", "preamble-length": "8", "duration": "4999", "chip": "COM1"}
{"distance": "7.5721", "fei": "26900", "rssi": "-60", "snr": "15", "calibration": "13215", "frequency": "2436000000", "sf": "7", "bw": "1600", "preamble-length": "8", "duration": "4997", "chip": "COM1"}
{"distance": "6.3326", "fei": "27101", "rssi": "-60", "snr": "15", "calibration": "13215", "frequency": "2436000000", "sf": "7", "bw": "1600", "preamble-length": "8", "duration": "4998", "chip": "COM1"}
{"distance": "7.7524", "fei": "27101", "rssi": "-60", "snr": "15", "calibration": "13215", "frequency": "2436000000", "sf": "7", "bw": "1600", "preamble-length": "8", "duration": "4998", "chip": "COM1"}
{"distance": "7.8876", "fei": "27101", "rssi": "-59", "snr": "15", "calibration": "13215", "frequency": "2436000000", "sf": "7", "bw": "1600", "preamble-length": "8", "duration": "4998", "chip": "COM1"}
{"distance": "8.1355", "fei": "27101", "rssi": "-60", "snr": "14", "calibration": "13215", "frequency": "2436000000", "sf": "7", "bw": "1600", "preamble-length": "8", "duration": "4998", "chip": "COM1"}
{"distance": "7.9777", "fei": "26900", "rssi": "-60", "snr": "15", "calibration": "13215", "frequency": "2436000000", "sf": "7", "bw": "1600", "preamble-length": "8", "duration": "4998", "chip": "COM1"}
{"distance": "8.2932", "fei": "27101", "rssi": "-60", "snr": "15", "calibration": "13215", "frequency": "2436000000", "sf": "7", "bw": "1600", "preamble-length": "8", "duration": "4999", "chip": "COM1"}
{"distance": "8.3158", "fei": "27101", "rssi": "-60", "snr": "15", "calibration": "13215", "frequency": "2436000000", "sf": "7", "bw": "1600", "preamble-length": "8", "duration": "4998", "chip": "COM1"}
{"distance": "8.4735", "fei": "27101", "rssi": "-60", "snr": "15", "calibration": "13215", "frequency": "2436000000", "sf": "7", "bw": "1600", "preamble-length": "8", "duration": "4998", "chip": "COM1"}
{"distance": "8.904", "fei": "26900", "rssi": "-60", "snr": "15", "calibration": "13215", "frequency": "2436000000", "sf": "7", "bw": "1600", "preamble-length": "8", "duration": "4998", "chip": "COM1"}
{"distance": "7.5045", "fei": "27101", "rssi": "-60", "snr": "15", "calibration": "13215", "frequency": "2436000000", "sf": "7", "bw": "1600", "preamble-length": "8", "duration": "4998", "chip": "COM1"}
{"distance": "7.5495", "fei": "27101", "rssi": "-60", "snr": "15", "calibration": "13215", "frequency": "2436000000", "sf": "7", "bw": "1600", "preamble-length": "8", "duration": "4998", "chip": "COM1"}
